1,Okoko,ChIJvTZWq1D0bUgRY6tph5nWUlg,https://maps.googleapis.com/maps/api/place/textsearch/json?query=nightclubs+in+shoreditch&key=AIzaSy,51.017777,-3.104152,"4 Bridge Street, Taunton, Somerset TA1 1UB, United Kingdom",Monday: ClosedTuesday: ClosedWednesday: ClosedThursday: 10:00 pm â€“ 3:00 amFriday: 10:00 pm â€“ 3:0,2015-01-07 12:05:17,4.5,night_club,bar,establishment,...,...,...,...,...
2,Black Horse Inn,ChIJ99rjqFD0bUgR_J5RPDQ6Lhc,https://maps.googleapis.com/maps/api/place/textsearch/json?query=nightclubs+in+shoreditch&key=AIzaSy,51.018553,-3.104892,"36 Bridge Street, Taunton TA1 1UD, United Kingdom",,2015-01-07 12:05:17,,night_club,lodging,establishment,...,...,...,...,...
3,Palace Nightclub,ChIJu70IUWIIckgRB9F33p0bxJU,https://maps.googleapis.com/maps/api/place/textsearch/json?query=nightclubs+in+shoreditch&key=AIzaSy,51.127407,-3.008475,"24-26 Penel Orlieu, Bridgwater TA6 3PF, United Kingdom",,2015-01-07 12:05:17,,night_club,establishment,...,...,...,...,...,...
4,The Canalside,ChIJvweVpe8IckgR0Lgw2CStmQ4,https://maps.googleapis.com/maps/api/place/textsearch/json?query=nightclubs+in+shoreditch&key=AIzaSy,51.112151,-2.989308,"Marsh Lane, Bridgwater, Somerset TA6 6LQ, United Kingdom",Monday: 9:00 am â€“ 5:00 pmTuesday: 9:00 am â€“ 5:00 pmWednesday: 9:00 am â€“ 5:00 pmThursday: 9:00 ,2015-01-07 12:05:18,,night_club,establishment,...,...,...,...,...,...
5,The Choughs Hotel,ChIJO35PhJJ2ckgRO-aT1kVQkPU,https://maps.googleapis.com/maps/api/place/textsearch/json?query=nightclubs+in+shoreditch&key=AIzaSy,50.872718,-2.966825,"8 High Street, Chard, Somerset TA20 1QB, United Kingdom",,2015-01-07 12:05:18,,night_club,bar,restaurant,food,establishment,...,...,...
6,Past & Present Discos,ChIJCx8NCoEIckgRxFI8Aw_i1Ds,https://maps.googleapis.com/maps/api/place/textsearch/json?query=nightclubs+in+shoreditch&key=AIzaSy,51.138343,-3.003182,"86 Riverside Close, Bridgwater, Somerset TA6 3PP, United Kingdom",,2015-01-07 12:05:19,,night_club,establishment,...,...,...,...,...,...
7,Remedies Bar,ChIJZR00iGIIckgRhN7be8uhJkQ,https://maps.googleapis.com/maps/api/place/textsearch/json?query=nightclubs+in+shoreditch&key=AIzaSy,51.127839,-3.007304,"62 High Street, Bridgwater TA6 3BN, United Kingdom",,2015-01-07 12:05:19,,night_club,bar,establishment,...,...,...,...,...
8,Blake Hall,ChIJK7ORaokIckgRRGjzVzB9WNU,https://maps.googleapis.com/maps/api/place/textsearch/json?query=nightclubs+in+shoreditch&key=AIzaSy,51.126529,-3.001679,"1 Saint Saviours Avenue, Bridgwater TA6 3NZ, United Kingdom",,2015-01-07 12:05:19,,night_club,establishment,...,...,...,...,...,...
9,DJ with Disco,ChIJO1yceIsIckgRmVXGtxWIUl0,https://maps.googleapis.com/maps/api/place/textsearch/json?query=nightclubs+in+shoreditch&key=AIzaSy,51.12279,-3.00007,"83 Taunton Road, Bridgwater, Somerset TA6 6AD, United Kingdom",Monday: 9:00 am â€“ 11:30 pmTuesday: 9:00 am â€“ 11:30 pmWednesday: 9:00 am â€“ 11:30 pmThursday: 9:,2015-01-07 12:05:20,,night_club,bar,establishment,...,...,...,...,...
10,Echo Discos,ChIJG6vqXhMIckgR6xu7ZXo-kr4,https://maps.googleapis.com/maps/api/place/textsearch/json?query=nightclubs+in+shoreditch&key=AIzaSy,50.959655,-3.267611,"Bridgwater, Somerset, United Kingdom",,2015-01-07 12:05:20,,night_club,establishment,...,...,...,...,...,...
11,TNT Disco,ChIJxXT_ibDybUgRphKJCrAAFa0,https://maps.googleapis.com/maps/api/place/textsearch/json?query=nightclubs+in+shoreditch&key=AIzaSy,50.977496,-3.22009,"64 Laburnum Road, Wellington, Somerset TA21 7EN, United Kingdom",,2015-01-07 12:05:20,,night_club,bar,establishment,...,...,...,...,...
12,Sparky Watts Disco,ChIJRdrGcmZuckgRb5wNpHgA0mU,https://maps.googleapis.com/maps/api/place/textsearch/json?query=nightclubs+in+shoreditch&key=AIzaSy,50.879344,-2.795721,"Crewkerne, United Kingdom",Monday: 8:00 am â€“ 10:00 pmTuesday: 8:00 am â€“ 10:00 pmWednesday: 8:00 am â€“ 10:00 pmThursday: 8:,2015-01-07 12:05:21,,night_club,bar,establishment,...,...,...,...,...
13,Chard Disco,ChIJ8UeQ2O12ckgRh_bSrcMNoXs,https://maps.googleapis.com/maps/api/place/textsearch/json?query=nightclubs+in+shoreditch&key=AIzaSy,50.865385,-2.964099,"Chard, United Kingdom",Monday: 9:00 am â€“ 10:00 pmTuesday: 9:00 am â€“ 10:00 pmWednesday: 9:00 am â€“ 10:00 pmThursday: 9:,2015-01-07 12:05:21,,store,night_club,bar,establishment,...,...,...,...
14,Shout,ChIJp9fDw1X0bUgRcTkveKV3-T0,https://maps.googleapis.com/maps/api/place/textsearch/json?query=nightclubs+in+shoreditch&key=AIzaSy,51.01465,-3.097367,"43-45 East St, Taunton, Somerset TA1 3NA, United Kingdom",,2015-01-07 12:05:21,,establishment,...,...,...,...,...,...,...
15,The Somerset Inn,ChIJ57m1eKv1bUgR1-ZbLE6UNjY,https://maps.googleapis.com/maps/api/place/textsearch/json?query=nightclubs+in+shoreditch&key=AIzaSy,51.017688,-3.089289,"46 Alfred Street, Taunton, Somerset TA1 3HY, United Kingdom",,2015-01-07 12:05:22,,bar,lodging,establishment,...,...,...,...,...
16,Kings Arms,ChIJIVrQiKXybUgRlGTvc23Dt0Y,https://maps.googleapis.com/maps/api/place/textsearch/json?query=nightclubs+in+shoreditch&key=AIzaSy,50.978602,-3.22734,"4 High Street, Wellington TA21 8RA, United Kingdom",Monday: 11:00 am â€“ 2:00 amTuesday: 11:00 am â€“ 2:00 amWednesday: 11:00 am â€“ 2:00 amThursday: 11,2015-01-07 12:05:22,,bar,restaurant,food,establishment,...,...,...,...
17,The Plough Inn,ChIJGTFzXlD0bUgRL2Jldu0Yzk8,https://maps.googleapis.com/maps/api/place/textsearch/json?query=nightclubs+in+shoreditch&key=AIzaSy,51.021111,-3.103534,"75 Station Road, Taunton, Somerset TA1 1PB, United Kingdom",Monday: 11:00 am â€“ 12:00 amTuesday: 11:00 am â€“ 12:00 amWednesday: 11:00 am â€“ 12:00 amThursday:,2015-01-07 12:05:22,4.8,bar,establishment,...,...,...,...,...,...
18,The Gallery,ChIJVQuah2IIckgREs1Q39C6GJ8,https://maps.googleapis.com/maps/api/place/textsearch/json?query=nightclubs+in+shoreditch&key=AIzaSy,51.127964,-3.007007,"54 High Street, Bridgwater TA6 3BN, United Kingdom",,2015-01-07 12:05:23,,bar,establishment,...,...,...,...,...,...
19,Mill Farm Caravan and Camping Park,ChIJaQ_mcrj5bUgRNlVDvf0T7zc,https://maps.googleapis.com/maps/api/place/textsearch/json?query=nightclubs+in+shoreditch&key=AIzaSy,51.161701,-3.116877,"Fiddington, Bridgwater, Somerset TA5 1JQ, United Kingdom",Monday: 10:00 am â€“ 7:00 pmTuesday: 10:00 am â€“ 7:00 pmWednesday: 10:00 am â€“ 7:00 pmThursday: 10,2015-01-07 12:05:23,3.9,rv_park,campground,park,lodging,establishment,...,...,...
20,Cricket St Thomas Estate,ChIJkVB4UwJxckgR43B57L4L3KI,https://maps.googleapis.com/maps/api/place/textsearch/json?query=nightclubs+in+shoreditch&key=AIzaSy,50.882299,-2.877575,"Estate Office, Manor Farm, Cricket St. Thomas, Chard, Somerset TA20 4BZ, United Kingdom",Monday: 7:30 â€“ 9:45 pmTuesday: 7:30 â€“ 9:45 pmWednesday: 7:30 â€“ 9:45 pmThursday: 7:30 â€“ 9:45 ,2015-01-07 12:05:23,2.8,establishment,...,...,...,...,...,...,...
21,The Mount Somerset,ChIJe3ufnJwKckgRNz6N59hXYZk,https://maps.googleapis.com/maps/api/place/textsearch/json?query=best+clubs+in+shoreditch&key=AIzaSy,51.002462,-3.037728,"Lower Henlade, Somerset TA3 5NB, United Kingdom",,2015-01-07 18:00:41,,lodging,spa,establishment,...,...,...,...,...
22,Taunton & Pickeridge Golf Club,ChIJNRUvKNSKbUgR8pwdALfCQcU,https://maps.googleapis.com/maps/api/place/textsearch/json?query=best+clubs+in+shoreditch&key=AIzaSy,50.962639,-3.082203,"Corfe, Taunton TA3 7BY, United Kingdom",,2015-01-07 18:00:41,,establishment,...,...,...,...,...,...,...
23,B A S C,ChIJQwQurbaKbUgRTb1GWeu7680,https://maps.googleapis.com/maps/api/place/textsearch/json?query=best+clubs+in+shoreditch&key=AIzaSy,50.966637,-3.056377,"Smokey Bottom Lodge, Staple Fitzpaine, Taunton TA3 5BL, United Kingdom",Monday: 9:00 am â€“ 4:30 pmTuesday: 9:00 am â€“ 4:30 pmWednesday: 9:00 am â€“ 4:30 pmThursday: 9:00 ,2015-01-07 18:00:41,,establishment,...,...,...,...,...,...,...
24,Taunton Vale Golf Club,ChIJpTL80T8KckgRs2rd2CLR2rU,https://maps.googleapis.com/maps/api/place/textsearch/json?query=best+clubs+in+shoreditch&key=AIzaSy,51.043651,-3.026063,"Creech Heathfield, Taunton TA3 5EY, United Kingdom",,2015-01-07 18:00:41,,establishment,...,...,...,...,...,...,...
25,Blackbrook Pavilion,ChIJ-xta6gv1bUgR8nfxbv_qppg,https://maps.googleapis.com/maps/api/place/textsearch/json?query=best+clubs+in+shoreditch&key=AIzaSy,51.009763,-3.072076,"Blackbrook Way, Taunton, Somerset TA1 2RW, United Kingdom",Monday: 6:30 am â€“ 10:00 pmTuesday: 6:30 am â€“ 10:00 pmWednesday: 6:30 am â€“ 10:00 pmThursday: 6:,2015-01-07 18:00:41,,gym,health,establishment,...,...,...,...,...
26,Palace Nightclub,ChIJu70IUWIIckgRB9F33p0bxJU,https://maps.googleapis.com/maps/api/place/textsearch/json?query=best+clubs+in+shoreditch&key=AIzaSy,51.127407,-3.008475,"24-26 Penel Orlieu, Bridgwater TA6 3PF, United Kingdom",,2015-01-07 18:00:41,,night_club,establishment,...,...,...,...,...,...
27,Wellington Sports Centre,ChIJB-3-h1ftbUgRBxCRHEI3TaI,https://maps.googleapis.com/maps/api/place/textsearch/json?query=best+clubs+in+shoreditch&key=AIzaSy,50.979365,-3.239883,"Corams Lane, Wellington, Somerset TA21 8LL, United Kingdom",Monday: 7:00 am â€“ 10:00 pmTuesday: 7:00 am â€“ 10:00 pmWednesday: 7:00 am â€“ 10:00 pmThursday: 7:,2015-01-07 18:00:41,4.3,park,gym,health,spa,establishment,...,...,...
28,Yorkshire Building Society,ChIJD5N1a1b0bUgRVn_yJ4qspRE,https://maps.googleapis.com/maps/api/place/textsearch/json?query=best+clubs+in+shoreditch&key=AIzaSy,51.014518,-3.099631,"60 East St, Taunton, Somerset TA1 3LX, United Kingdom",Monday: 9:00 am â€“ 5:00 pmTuesday: 9:00 am â€“ 5:00 pmWednesday: 9:30 am â€“ 5:00 pmThursday: 9:00 ,2015-01-07 18:00:42,,atm,bank,finance,establishment,...,...,...,...
29,Wellsprings Leisure Centre,ChIJM16myzb0bUgRQl6FcEApI2w,https://maps.googleapis.com/maps/api/place/textsearch/json?query=best+clubs+in+shoreditch&key=AIzaSy,51.038897,-3.102918,"Taunton, Somerset TA2 7, United Kingdom",Monday: 7:00 am â€“ 10:00 pmTuesday: 8:00 am â€“ 9:00 pmWednesday: 7:00 am â€“ 9:00 pmThursday: 8:00,2015-01-07 18:00:42,,gym,health,establishment,...,...,...,...,...
30,Mecca Bingo Club,ChIJAYDPIlj0bUgRMI1-7m-tZ2Y,https://maps.googleapis.com/maps/api/place/textsearch/json?query=best+clubs+in+shoreditch&key=AIzaSy,51.014573,-3.105301,"Corporation Street, Taunton, Somerset TA1 4AJ, United Kingdom",,2015-01-07 18:00:42,,establishment,...,...,...,...,...,...,...
31,The Cleve Hotel & Spa,ChIJIYS6Z1btbUgRCK3gcx1QKmc,https://maps.googleapis.com/maps/api/place/textsearch/json?query=best+clubs+in+shoreditch&key=AIzaSy,50.974034,-3.237848,"Mantle Street, Wellington, Taunton, Somerset TA21 8SN, United Kingdom",,2015-01-07 18:00:42,,gym,lodging,spa,health,establishment,...,...,...
32,Wellington Rugby Football Club,ChIJRbTj-FjtbUgRnKydWBpTsbw,https://maps.googleapis.com/maps/api/place/textsearch/json?query=best+clubs+in+shoreditch&key=AIzaSy,50.979314,-3.238738,"Corams La, Wellington TA21 8LL, United Kingdom",Monday: 10:00 am â€“ 3:00 pmTuesday: 10:00 am â€“ 3:00 pmWednesday: 10:00 am â€“ 3:00 pmThursday: 10,2015-01-07 18:00:42,,establishment,...,...,...,...,...,...,...
33,Cadeside Caravan Club Site,ChIJY9Vmyb_ybUgR8OXpIAiI0-U,https://maps.googleapis.com/maps/api/place/textsearch/json?query=best+clubs+in+shoreditch&key=AIzaSy,50.985863,-3.21695,"Nynehead Road, Wellington, Somerset TA21 9HN, United Kingdom",,2015-01-07 18:00:42,,rv_park,park,lodging,establishment,...,...,...,...
34,Taunton Rugby Football Club,ChIJp3392I_1bUgRujn-TJ3sQ5s,https://maps.googleapis.com/maps/api/place/textsearch/json?query=best+clubs+in+shoreditch&key=AIzaSy,51.026139,-3.05849,"Hyde Park, Hyde Ln, Taunton, Somerset TA2 8BU, United Kingdom",,2015-01-07 18:00:43,,establishment,...,...,...,...,...,...,...
35,Cedar Falls Health Farm & Spa,ChIJD-enbnbxbUgRyAvM5j0-v0o,https://maps.googleapis.com/maps/api/place/textsearch/json?query=best+clubs+in+shoreditch&key=AIzaSy,51.067018,-3.194621,"Bishops Lydeard, Taunton TA4 3HR, United Kingdom",Monday: 8:00 â€“ 10:00 pmTuesday: 8:00 â€“ 10:00 pmWednesday: 8:00 â€“ 10:00 pmThursday: 8:00 â€“ 10,2015-01-07 18:00:43,,lodging,spa,health,establishment,...,...,...,...
36,Spice Club,ChIJO7QJNI8IckgR2GCHq2kcHv0,https://maps.googleapis.com/maps/api/place/textsearch/json?query=best+clubs+in+shoreditch&key=AIzaSy,51.128918,-3.000055,"10 Eastover, Bridgwater TA6 5AB, United Kingdom","Monday: 12:00 â€“ 2:00 pm, 5:30 pm â€“ 12:00 amTuesday: 12:00 â€“ 2:00 pm, 5:30 pm â€“ 12:00 amWedne",2015-01-07 18:00:43,4.3,restaurant,food,establishment,...,...,...,...,...
37,The Duke Of York,ChIJPR8LiplyckgRYxkv6GuQlVA,https://maps.googleapis.com/maps/api/place/textsearch/json?query=best+clubs+in+shoreditch&key=AIzaSy,50.951341,-2.851982,"North Street, Shepton Beauchamp, Ilminster, Somerset TA19 0LW, United Kingdom",,2015-01-07 18:00:43,,bar,restaurant,lodging,food,establishment,...,...,...
38,Somerset County Cricket Club,ChIJKQfbNlH0bUgRNDFQ9Xnxo10,https://maps.googleapis.com/maps/api/place/textsearch/json?query=best+clubs+in+shoreditch&key=AIzaSy,51.019052,-3.101043,"The County Ground, Saint James Street, Taunton, Somerset TA1 1JT, United Kingdom",,2015-01-07 18:00:43,4.7,stadium,museum,establishment,...,...,...,...,...
39,Bridgwater & Albion RFC,ChIJk6IKMpkIckgRJlN36SoI_UQ,https://maps.googleapis.com/maps/api/place/textsearch/json?query=best+clubs+in+shoreditch&key=AIzaSy,51.133202,-2.988117,"College Way, Bath Road, Bridgwater, Somerset TA6 4TZ, United Kingdom",,2015-01-07 18:00:43,,establishment,...,...,...,...,...,...,...
40,Mecca Bingo Club,ChIJMRd8WGIIckgRgfpNbGHyiPQ,https://maps.googleapis.com/maps/api/place/textsearch/json?query=best+clubs+in+shoreditch&key=AIzaSy,51.12767,-3.008403,"Classic Buildings, Penel Orlieu, Bridgwater TA6 3PQ, United Kingdom",,2015-01-07 18:00:44,,establishment,...,...,...,...,...,...,...
41,Criterion Restaurant,ChIJYRe8_tMEdkgRr_J6bdITC1U,"https://maps.googleapis.com/maps/api/place/nearbysearch/json?location=51.5072,-0.1275&radius=500&typ",51.509704,-0.134091,"224 Piccadilly, London W1J 9HP, United Kingdom","Monday: 12:00 â€“ 2:30 pm, 5:30 â€“ 10:30 pm, 5:30 â€“ 11:30 pmTuesday: 12:00 â€“ 2:30 pm, 5:30 â€“ ",2015-01-07 18:02:52,4.2,bar,restaurant,food,establishment,...,...,...,...
42,Heaven,ChIJDVBtxs4EdkgRrFuVtkDtSP0,"https://maps.googleapis.com/maps/api/place/nearbysearch/json?location=51.5072,-0.1275&radius=500&typ",51.508043,-0.124141,"The Arches, Villiers Street, London WC2N 6NG, United Kingdom",Monday: 11:00 pm â€“ 5:30 amTuesday: ClosedWednesday: ClosedThursday: 11:00 pm â€“ 4:30 amFriday: 11,2015-01-07 18:02:53,3.6,night_club,bar,establishment,...,...,...,...,...
43,Simpsons-in-the-Strand,ChIJCyGjxMsEdkgR56s8-gFqDnU,"https://maps.googleapis.com/maps/api/place/nearbysearch/json?location=51.5072,-0.1275&radius=500&typ",51.510551,-0.120565,"100 Strand, London WC2R 0EW, United Kingdom","Monday: 7:15 â€“ 10:45 am, 12:00 â€“ 2:45 pm, 5:45 â€“ 10:30 pmTuesday: 7:15 â€“ 10:45 am, 12:00 â€“",2015-01-07 18:02:53,4.2,bar,restaurant,food,establishment,...,...,...,...
44,Tattershall Castle,ChIJR3wAzLEEdkgRTdaPTuBjrA4,"https://maps.googleapis.com/maps/api/place/nearbysearch/json?location=51.5072,-0.1275&radius=500&typ",51.505612,-0.12217,"Victoria Embankment, Whitehall, London SW1A 2HR, United Kingdom",Monday: 11:00 am â€“ 11:00 pmTuesday: 11:00 am â€“ 11:00 pmWednesday: 11:00 am â€“ 11:00 pmThursday:,2015-01-07 18:02:53,3.6,night_club,bar,restaurant,food,establishment,...,...,...
45,Rules,ChIJbUnC58oEdkgR4pwzPtYGrbY,"https://maps.googleapis.com/maps/api/place/nearbysearch/json?location=51.5072,-0.1275&radius=500&typ",51.510744,-0.123192,"34-35 Maiden Lane, London WC2E 7LB, United Kingdom",Monday: 12:00 pm â€“ 12:00 amTuesday: 12:00 pm â€“ 12:00 amWednesday: 12:00 pm â€“ 12:00 amThursday:,2015-01-07 18:02:53,4.2,bar,restaurant,food,establishment,...,...,...,...
46,Institute Of Contemporary Arts,ChIJpwrHSNAEdkgR1YO1RjflYXw,"https://maps.googleapis.com/maps/api/place/nearbysearch/json?location=51.5072,-0.1275&radius=500&typ",51.506334,-0.130961,"The Mall, London SW1Y 5AH, United Kingdom",Monday: ClosedTuesday: 11:00 am â€“ 9:00 pmWednesday: 11:00 am â€“ 9:00 pmThursday: 11:00 am â€“ 9:0,2015-01-07 18:02:53,4.2,book_store,store,cafe,bar,art_gallery,food,establishment,...
47,Sofitel London St James,ChIJKU7H_9AEdkgR4yo4FD1eNXc,"https://maps.googleapis.com/maps/api/place/nearbysearch/json?location=51.5072,-0.1275&radius=500&typ",51.507579,-0.132253,"6 Waterloo Place, London SW1Y 4AN, United Kingdom",,2015-01-07 18:02:54,4.3,bar,lodging,establishment,...,...,...,...,...
48,Tiger Tiger London,ChIJ4-x71NMEdkgRz6HmRwuECqs,"https://maps.googleapis.com/maps/api/place/nearbysearch/json?location=51.5072,-0.1275&radius=500&typ",51.50963,-0.132408,"29 Haymarket, London SW1Y 4SP, United Kingdom",Monday: 12:00 pm â€“ 3:00 amTuesday: 12:00 pm â€“ 3:00 amWednesday: 12:00 pm â€“ 3:00 amThursday: 12,2015-01-07 18:02:54,2.9,bar,restaurant,food,establishment,...,...,...,...
49,The Hippodrome Casino London,ChIJdcOZc9IEdkgROPIytVFeGXU,"https://maps.googleapis.com/maps/api/place/nearbysearch/json?location=51.5072,-0.1275&radius=500&typ",51.511407,-0.128646,"Cranbourn Street, Leicester Square, London WC2H 7JH, United Kingdom",Monday: Open 24 hoursTuesday: Open 24 hoursWednesday: Open 24 hoursThursday: Open 24 hoursFriday: Op,2015-01-07 18:02:54,3.7,bar,casino,establishment,...,...,...,...,...
50,Amba Hotel,ChIJZf2Jlc4EdkgRklHks51KYBo,"https://maps.googleapis.com/maps/api/place/nearbysearch/json?location=51.5072,-0.1275&radius=500&typ",51.508391,-0.124717,"Strand, Charing Cross, London WC2N 5HX, United Kingdom",,2015-01-07 18:02:54,4.2,bar,lodging,establishment,...,...,...,...,...
51,The Savage Club,ChIJ6VUoN88EdkgRCV_BYx7doxM,"https://maps.googleapis.com/maps/api/place/nearbysearch/json?location=51.5072,-0.1275&radius=500&typ",51.506242,-0.124218,"1 Whitehall Place, London SW1A 2HD, United Kingdom",Monday: 12:00 â€“ 11:00 pmTuesday: 12:00 â€“ 11:00 pmWednesday: 12:00 â€“ 11:00 pmThursday: 12:00 â€,2015-01-07 18:02:54,,bar,establishment,...,...,...,...,...,...
52,Porters English Restaurant,ChIJySOgh8sEdkgRV1pMc43Wxg4,"https://maps.googleapis.com/maps/api/place/nearbysearch/json?location=51.5072,-0.1275&radius=500&typ",51.510844,-0.124058,"17 Henrietta Street, London WC2E 8QH, United Kingdom",Monday: 12:00 â€“ 10:30 pmTuesday: 12:00 â€“ 10:30 pmWednesday: 12:00 â€“ 11:00 pmThursday: 12:00 â€,2015-01-07 18:02:55,3.7,bar,restaurant,food,establishment,...,...,...,...
53,Fire & Stone,ChIJnYsPisQEdkgRNRL4gdbWBGc,"https://maps.googleapis.com/maps/api/place/nearbysearch/json?location=51.5072,-0.1275&radius=500&typ",51.510674,-0.123434,"31/32 Maiden Ln, Covent Garden, London WC2E 7JS, United Kingdom",Monday: 12:00 â€“ 11:00 pmTuesday: 12:00 â€“ 11:00 pmWednesday: 12:00 â€“ 11:00 pmThursday: 12:00 pm,2015-01-07 18:02:55,3.6,bar,restaurant,food,establishment,...,...,...,...
54,The Trafalgar Hilton Hotel,ChIJt2xYKc4EdkgRiSOCe1hI2zU,"https://maps.googleapis.com/maps/api/place/nearbysearch/json?location=51.5072,-0.1275&radius=500&typ",51.507349,-0.129162,"2 Spring Gardens, Trafalgar Square, London SW1A 2TS, United Kingdom",Monday: Open 24 hoursTuesday: Open 24 hoursWednesday: Open 24 hoursThursday: Open 24 hoursFriday: Op,2015-01-07 18:02:55,4.1,gym,bar,lodging,health,establishment,...,...,...
55,Terroirs,ChIJq0TAnM4EdkgRgtNY68gEtrg,"https://maps.googleapis.com/maps/api/place/nearbysearch/json?location=51.5072,-0.1275&radius=500&typ",51.509167,-0.125231,"5 William IV Street, London WC2N 4DW, United Kingdom",Monday: 12:00 â€“ 11:00 pmTuesday: 12:00 â€“ 11:00 pmWednesday: 12:00 â€“ 11:00 pmThursday: 12:00 â€,2015-01-07 18:02:55,4.2,bar,establishment,...,...,...,...,...,...
56,Gordons Wine Bar,ChIJSWvAzM4EdkgRaZcCMhRbk0Q,"https://maps.googleapis.com/maps/api/place/nearbysearch/json?location=51.5072,-0.1275&radius=500&typ",51.507892,-0.123339,"47 Villiers Street, London WC2N 6NE, United Kingdom",Monday: 11:00 am â€“ 11:00 pmTuesday: 11:00 am â€“ 11:00 pmWednesday: 11:00 am â€“ 11:00 pmThursday:,2015-01-07 18:02:55,4.4,food,bar,establishment,...,...,...,...,...
57,The Salisbury,ChIJVUIwx80EdkgRoJcAipJhY7E,"https://maps.googleapis.com/maps/api/place/nearbysearch/json?location=51.5072,-0.1275&radius=500&typ",51.510879,-0.127213,"90 Saint Martins Lane, London WC2N 4AP, United Kingdom",Monday: 11:00 am â€“ 11:00 pmTuesday: 11:00 am â€“ 11:00 pmWednesday: 11:00 am â€“ 11:00 pmThursday:,2015-01-07 18:02:56,3.9,bar,establishment,...,...,...,...,...,...
58,Rainforest Cafe,ChIJ3VekwdMEdkgRTEiBkvNwTkI,"https://maps.googleapis.com/maps/api/place/nearbysearch/json?location=51.5072,-0.1275&radius=500&typ",51.510856,-0.133633,"20 Shaftesbury Avenue, London W1D 7EU, United Kingdom",Monday: 12:00 â€“ 10:00 pmTuesday: 12:00 â€“ 10:00 pmWednesday: 12:00 â€“ 10:00 pmThursday: 12:00 â€,2015-01-07 18:02:56,3.5,night_club,bar,restaurant,food,establishment,...,...,...
59,Silver Cross,ChIJ65xzsc8EdkgR1CPqm1x5rsU,"https://maps.googleapis.com/maps/api/place/nearbysearch/json?location=51.5072,-0.1275&radius=500&typ",51.506646,-0.127092,"Whitehall House, Whitehall, London SW1A 2BX, United Kingdom",Monday: 11:00 am â€“ 11:00 pmTuesday: 11:00 am â€“ 11:00 pmWednesday: 11:00 am â€“ 11:00 pmThursday:,2015-01-07 18:02:56,3.6,bar,restaurant,food,establishment,...,...,...,...
60,The Porterhouse,ChIJIQGWCMwEdkgRi9ZJfYJvxak,"https://maps.googleapis.com/maps/api/place/nearbysearch/json?location=51.5072,-0.1275&radius=500&typ",51.510317,-0.123573,"21-22 Maiden Lane, London WC2E 7NA, United Kingdom",Monday: 12:00 â€“ 11:00 pmTuesday: 12:00 â€“ 11:00 pmWednesday: 12:00 â€“ 11:00 pmThursday: 12:00 â€,2015-01-07 18:02:56,4,bar,restaurant,food,establishment,...,...,...,...
61,Criterion Restaurant,ChIJYRe8_tMEdkgRr_J6bdITC1U,"https://maps.googleapis.com/maps/api/place/radarsearch/json?location=51.5072,-0.1275&radius=500&type",51.509704,-0.134091,"224 Piccadilly, London W1J 9HP, United Kingdom","Monday: 12:00 â€“ 2:30 pm, 5:30 â€“ 10:30 pm, 5:30 â€“ 11:30 pmTuesday: 12:00 â€“ 2:30 pm, 5:30 â€“ ",2015-01-07 18:03:33,4.2,bar,restaurant,food,establishment,...,...,...,...
62,Heaven,ChIJDVBtxs4EdkgRrFuVtkDtSP0,"https://maps.googleapis.com/maps/api/place/radarsearch/json?location=51.5072,-0.1275&radius=500&type",51.508043,-0.124141,"The Arches, Villiers Street, London WC2N 6NG, United Kingdom",Monday: 11:00 pm â€“ 5:30 amTuesday: ClosedWednesday: ClosedThursday: 11:00 pm â€“ 4:30 amFriday: 11,2015-01-07 18:03:33,3.6,night_club,bar,establishment,...,...,...,...,...
63,Simpsons-in-the-Strand,ChIJCyGjxMsEdkgR56s8-gFqDnU,"https://maps.googleapis.com/maps/api/place/radarsearch/json?location=51.5072,-0.1275&radius=500&type",51.510551,-0.120565,"100 Strand, London WC2R 0EW, United Kingdom","Monday: 7:15 â€“ 10:45 am, 12:00 â€“ 2:45 pm, 5:45 â€“ 10:30 pmTuesday: 7:15 â€“ 10:45 am, 12:00 â€“",2015-01-07 18:03:33,4.2,bar,restaurant,food,establishment,...,...,...,...
64,Tattershall Castle,ChIJR3wAzLEEdkgRTdaPTuBjrA4,"https://maps.googleapis.com/maps/api/place/radarsearch/json?location=51.5072,-0.1275&radius=500&type",51.505612,-0.12217,"Victoria Embankment, Whitehall, London SW1A 2HR, United Kingdom",Monday: 11:00 am â€“ 11:00 pmTuesday: 11:00 am â€“ 11:00 pmWednesday: 11:00 am â€“ 11:00 pmThursday:,2015-01-07 18:03:34,3.6,night_club,bar,restaurant,food,establishment,...,...,...
65,Rules,ChIJbUnC58oEdkgR4pwzPtYGrbY,"https://maps.googleapis.com/maps/api/place/radarsearch/json?location=51.5072,-0.1275&radius=500&type",51.510744,-0.123192,"34-35 Maiden Lane, London WC2E 7LB, United Kingdom",Monday: 12:00 pm â€“ 12:00 amTuesday: 12:00 pm â€“ 12:00 amWednesday: 12:00 pm â€“ 12:00 amThursday:,2015-01-07 18:03:34,4.2,bar,restaurant,food,establishment,...,...,...,...
66,Institute Of Contemporary Arts,ChIJpwrHSNAEdkgR1YO1RjflYXw,"https://maps.googleapis.com/maps/api/place/radarsearch/json?location=51.5072,-0.1275&radius=500&type",51.506334,-0.130961,"The Mall, London SW1Y 5AH, United Kingdom",Monday: ClosedTuesday: 11:00 am â€“ 9:00 pmWednesday: 11:00 am â€“ 9:00 pmThursday: 11:00 am â€“ 9:0,2015-01-07 18:03:34,4.2,book_store,store,cafe,bar,art_gallery,food,establishment,...
67,Sofitel London St James,ChIJKU7H_9AEdkgR4yo4FD1eNXc,"https://maps.googleapis.com/maps/api/place/radarsearch/json?location=51.5072,-0.1275&radius=500&type",51.507579,-0.132253,"6 Waterloo Place, London SW1Y 4AN, United Kingdom",,2015-01-07 18:03:34,4.3,bar,lodging,establishment,...,...,...,...,...
68,Tiger Tiger London,ChIJ4-x71NMEdkgRz6HmRwuECqs,"https://maps.googleapis.com/maps/api/place/radarsearch/json?location=51.5072,-0.1275&radius=500&type",51.50963,-0.132408,"29 Haymarket, London SW1Y 4SP, United Kingdom",Monday: 12:00 pm â€“ 3:00 amTuesday: 12:00 pm â€“ 3:00 amWednesday: 12:00 pm â€“ 3:00 amThursday: 12,2015-01-07 18:03:34,2.9,bar,restaurant,food,establishment,...,...,...,...
69,The Hippodrome Casino London,ChIJdcOZc9IEdkgROPIytVFeGXU,"https://maps.googleapis.com/maps/api/place/radarsearch/json?location=51.5072,-0.1275&radius=500&type",51.511407,-0.128646,"Cranbourn Street, Leicester Square, London WC2H 7JH, United Kingdom",Monday: Open 24 hoursTuesday: Open 24 hoursWednesday: Open 24 hoursThursday: Open 24 hoursFriday: Op,2015-01-07 18:03:34,3.7,bar,casino,establishment,...,...,...,...,...
70,Amba Hotel,ChIJZf2Jlc4EdkgRklHks51KYBo,"https://maps.googleapis.com/maps/api/place/radarsearch/json?location=51.5072,-0.1275&radius=500&type",51.508391,-0.124717,"Strand, Charing Cross, London WC2N 5HX, United Kingdom",,2015-01-07 18:03:35,4.2,bar,lodging,establishment,...,...,...,...,...
71,The Savage Club,ChIJ6VUoN88EdkgRCV_BYx7doxM,"https://maps.googleapis.com/maps/api/place/radarsearch/json?location=51.5072,-0.1275&radius=500&type",51.506242,-0.124218,"1 Whitehall Place, London SW1A 2HD, United Kingdom",Monday: 12:00 â€“ 11:00 pmTuesday: 12:00 â€“ 11:00 pmWednesday: 12:00 â€“ 11:00 pmThursday: 12:00 â€,2015-01-07 18:03:35,,bar,establishment,...,...,...,...,...,...
72,Porters English Restaurant,ChIJySOgh8sEdkgRV1pMc43Wxg4,"https://maps.googleapis.com/maps/api/place/radarsearch/json?location=51.5072,-0.1275&radius=500&type",51.510844,-0.124058,"17 Henrietta Street, London WC2E 8QH, United Kingdom",Monday: 12:00 â€“ 10:30 pmTuesday: 12:00 â€“ 10:30 pmWednesday: 12:00 â€“ 11:00 pmThursday: 12:00 â€,2015-01-07 18:03:35,3.7,bar,restaurant,food,establishment,...,...,...,...
73,Fire & Stone,ChIJnYsPisQEdkgRNRL4gdbWBGc,"https://maps.googleapis.com/maps/api/place/radarsearch/json?location=51.5072,-0.1275&radius=500&type",51.510674,-0.123434,"31/32 Maiden Ln, Covent Garden, London WC2E 7JS, United Kingdom",Monday: 12:00 â€“ 11:00 pmTuesday: 12:00 â€“ 11:00 pmWednesday: 12:00 â€“ 11:00 pmThursday: 12:00 pm,2015-01-07 18:03:35,3.6,bar,restaurant,food,establishment,...,...,...,...
74,The Trafalgar Hilton Hotel,ChIJt2xYKc4EdkgRiSOCe1hI2zU,"https://maps.googleapis.com/maps/api/place/radarsearch/json?location=51.5072,-0.1275&radius=500&type",51.507349,-0.129162,"2 Spring Gardens, Trafalgar Square, London SW1A 2TS, United Kingdom",Monday: Open 24 hoursTuesday: Open 24 hoursWednesday: Open 24 hoursThursday: Open 24 hoursFriday: Op,2015-01-07 18:03:35,4.1,gym,bar,lodging,health,establishment,...,...,...
75,Terroirs,ChIJq0TAnM4EdkgRgtNY68gEtrg,"https://maps.googleapis.com/maps/api/place/radarsearch/json?location=51.5072,-0.1275&radius=500&type",51.509167,-0.125231,"5 William IV Street, London WC2N 4DW, United Kingdom",Monday: 12:00 â€“ 11:00 pmTuesday: 12:00 â€“ 11:00 pmWednesday: 12:00 â€“ 11:00 pmThursday: 12:00 â€,2015-01-07 18:03:36,4.2,bar,establishment,...,...,...,...,...,...
76,Gordons Wine Bar,ChIJSWvAzM4EdkgRaZcCMhRbk0Q,"https://maps.googleapis.com/maps/api/place/radarsearch/json?location=51.5072,-0.1275&radius=500&type",51.507892,-0.123339,"47 Villiers Street, London WC2N 6NE, United Kingdom",Monday: 11:00 am â€“ 11:00 pmTuesday: 11:00 am â€“ 11:00 pmWednesday: 11:00 am â€“ 11:00 pmThursday:,2015-01-07 18:03:36,4.4,food,bar,establishment,...,...,...,...,...
77,The Salisbury,ChIJVUIwx80EdkgRoJcAipJhY7E,"https://maps.googleapis.com/maps/api/place/radarsearch/json?location=51.5072,-0.1275&radius=500&type",51.510879,-0.127213,"90 Saint Martins Lane, London WC2N 4AP, United Kingdom",Monday: 11:00 am â€“ 11:00 pmTuesday: 11:00 am â€“ 11:00 pmWednesday: 11:00 am â€“ 11:00 pmThursday:,2015-01-07 18:03:36,3.9,bar,establishment,...,...,...,...,...,...
78,Rainforest Cafe,ChIJ3VekwdMEdkgRTEiBkvNwTkI,"https://maps.googleapis.com/maps/api/place/radarsearch/json?location=51.5072,-0.1275&radius=500&type",51.510856,-0.133633,"20 Shaftesbury Avenue, London W1D 7EU, United Kingdom",Monday: 12:00 â€“ 10:00 pmTuesday: 12:00 â€“ 10:00 pmWednesday: 12:00 â€“ 10:00 pmThursday: 12:00 â€,2015-01-07 18:03:36,3.5,night_club,bar,restaurant,food,establishment,...,...,...
79,Silver Cross,ChIJ65xzsc8EdkgR1CPqm1x5rsU,"https://maps.googleapis.com/maps/api/place/radarsearch/json?location=51.5072,-0.1275&radius=500&type",51.506646,-0.127092,"Whitehall House, Whitehall, London SW1A 2BX, United Kingdom",Monday: 11:00 am â€“ 11:00 pmTuesday: 11:00 am â€“ 11:00 pmWednesday: 11:00 am â€“ 11:00 pmThursday:,2015-01-07 18:03:36,3.6,bar,restaurant,food,establishment,...,...,...,...
80,The Porterhouse,ChIJIQGWCMwEdkgRi9ZJfYJvxak,"https://maps.googleapis.com/maps/api/place/radarsearch/json?location=51.5072,-0.1275&radius=500&type",51.510317,-0.123573,"21-22 Maiden Lane, London WC2E 7NA, United Kingdom",Monday: 12:00 â€“ 11:00 pmTuesday: 12:00 â€“ 11:00 pmWednesday: 12:00 â€“ 11:00 pmThursday: 12:00 â€,2015-01-07 18:03:37,4,bar,restaurant,food,establishment,...,...,...,...
81,Yatess,ChIJxZDy-M0EdkgRKud-UaO4N6k,"https://maps.googleapis.com/maps/api/place/radarsearch/json?location=51.5072,-0.1275&radius=500&type",51.510135,-0.129082,"Leicester Square Chambers, 42 Leicester Square, London, Leicester Square WC2H 7JZ, United Kingdom",Monday: 9:00 am â€“ 1:00 amTuesday: 9:00 am â€“ 1:00 amWednesday: 9:00 am â€“ 1:00 amThursday: 9:00 ,2015-01-07 18:03:37,2.7,night_club,bar,restaurant,food,establishment,...,...,...
82,The Piccadilly,ChIJLzYZ_NMEdkgReqG3DXUMBMY,"https://maps.googleapis.com/maps/api/place/radarsearch/json?location=51.5072,-0.1275&radius=500&type",51.511562,-0.134692,"31 Great Windmill Street, Picadilly, London W1D 7LP, United Kingdom",Monday: 12:00 â€“ 11:00 pmTuesday: 12:00 â€“ 11:00 pmWednesday: 12:00 â€“ 11:00 pmThursday: 12:00 â€,2015-01-07 18:03:37,3.9,bar,restaurant,food,establishment,...,...,...,...
83,Wahaca,ChIJC0NJGMwEdkgRg6RWBJ_l_cY,"https://maps.googleapis.com/maps/api/place/radarsearch/json?location=51.5072,-0.1275&radius=500&type",51.510272,-0.124581,"66 Chandos Place, Covent Garden, London WC2N 4HG, United Kingdom",Monday: 12:00 â€“ 11:00 pmTuesday: 12:00 â€“ 11:00 pmWednesday: 12:00 â€“ 11:00 pmThursday: 12:00 â€,2015-01-07 18:03:37,4.2,bar,restaurant,food,establishment,...,...,...,...
84,Storm Nightclub,ChIJe9cjCtIEdkgRdxvxvNvVpX8,"https://maps.googleapis.com/maps/api/place/radarsearch/json?location=51.5072,-0.1275&radius=500&type",51.51022,-0.129399,"28A Leicester Square, London WC2H 7LE, United Kingdom",Monday: 10:30 pm â€“ 3:00 amTuesday: 10:30 pm â€“ 3:00 amWednesday: 10:30 pm â€“ 3:00 amThursday: 10,2015-01-07 18:03:37,3,night_club,bar,establishment,...,...,...,...,...
85,J Sheekey Oyster Bar,ChIJ85vnMskEdkgRIiRsvtFh24E,"https://maps.googleapis.com/maps/api/place/radarsearch/json?location=51.5072,-0.1275&radius=500&type",51.510946,-0.127819,"28-32 St Martins Court, London WC2N 4AL, United Kingdom","Monday: 12:00 â€“ 3:00 pm, 6:00 pm â€“ 12:00 amTuesday: 12:00 â€“ 3:00 pm, 6:00 pm â€“ 12:00 amWedne",2015-01-07 18:03:38,4.5,bar,restaurant,food,establishment,...,...,...,...
86,Cork & Bottle Wine Bar,ChIJQZwYi80EdkgR58WSdE7oUro,"https://maps.googleapis.com/maps/api/place/radarsearch/json?location=51.5072,-0.1275&radius=500&type",51.511196,-0.12889,"44-46 Cranbourn Alley, London WC2H 7AN, United Kingdom",Monday: 11:00 am â€“ 12:00 amTuesday: 11:00 am â€“ 12:00 amWednesday: 11:00 am â€“ 12:00 amThursday:,2015-01-07 18:03:38,4.2,liquor_store,store,bar,restaurant,food,establishment,...,...
87,Rumba,ChIJidyEx9MEdkgRCOVvGYeKftw,"https://maps.googleapis.com/maps/api/place/radarsearch/json?location=51.5072,-0.1275&radius=500&type",51.511146,-0.133124,"36 Shaftesbury Avenue, London W1D 7EP, United Kingdom",Monday: 9:00 pm â€“ 3:00 amTuesday: 10:00 pm â€“ 3:00 amWednesday: 9:00 pm â€“ 3:00 amThursday: 9:00,2015-01-07 18:03:38,3.5,night_club,bar,establishment,...,...,...,...,...
88,Browns,ChIJkWJjuc0EdkgRqL0ffd2j1aA,"https://maps.googleapis.com/maps/api/place/radarsearch/json?location=51.5072,-0.1275&radius=500&type",51.511264,-0.127264,"82-84 Saint Martins Lane, London WC2N 4AG, United Kingdom",Monday: 8:00 am â€“ 10:30 pmTuesday: 8:00 am â€“ 10:30 pmWednesday: 8:00 am â€“ 10:30 pmThursday: 8:,2015-01-07 18:03:38,3.6,bar,restaurant,food,establishment,...,...,...,...
89,ICA Bar & Cafe,ChIJZ7ZoP9AEdkgRX_VY-h4p1Lc,"https://maps.googleapis.com/maps/api/place/radarsearch/json?location=51.5072,-0.1275&radius=500&type",51.506405,-0.130956,"The London Office, 62 Pall Mall, Carlton House Terrace, St. Jamess, London SW1Y 5HX, United Kingdom",Monday: ClosedTuesday: 11:00 am â€“ 11:00 pmWednesday: 11:00 am â€“ 11:00 pmThursday: 11:00 am â€“ 1,2015-01-07 18:03:38,,bar,restaurant,museum,food,establishment,...,...,...
90,The Lemon Tree,ChIJG6soKcwEdkgRN5Q-HvqfMbc,"https://maps.googleapis.com/maps/api/place/radarsearch/json?location=51.5072,-0.1275&radius=500&type",51.509951,-0.125661,"4 Bedfordbury, Covent Garden, London WC2N 4BP, United Kingdom",Monday: 12:00 â€“ 9:30 pmTuesday: 12:00 â€“ 9:30 pmWednesday: 12:00 â€“ 9:30 pmThursday: 12:00 â€“ 9,2015-01-07 18:03:39,4.4,bar,restaurant,food,establishment,...,...,...,...
91,Grace Bar & Restaurant,ChIJ4f4fk9MEdkgRyV1_OkTMueA,"https://maps.googleapis.com/maps/api/place/radarsearch/json?location=51.5072,-0.1275&radius=500&type",51.511021,-0.134284,"44 Great Windmill Street, London W1D 7NB, United Kingdom",Monday: 12:00 pm â€“ 1:00 amTuesday: 12:00 pm â€“ 1:00 amWednesday: 12:00 pm â€“ 1:00 amThursday: 12,2015-01-07 18:03:39,3.2,night_club,bar,restaurant,food,establishment,...,...,...
92,The Northall,ChIJf8FhJc8EdkgR7xfnalN2O0U,"https://maps.googleapis.com/maps/api/place/radarsearch/json?location=51.5072,-0.1275&radius=500&type",51.506692,-0.124057,"10 Northumberland Avenue, London WC2N 5AE, United Kingdom","Monday: 6:30 â€“ 10:30 am, 12:00 â€“ 3:00 pm, 5:30 â€“ 11:00 pmTuesday: 6:30 â€“ 10:30 am, 12:00 â€“",2015-01-07 18:03:39,4.6,bar,restaurant,food,establishment,...,...,...,...
93,Platinum Lace Bar & Gentlemens Club,ChIJL9282tMEdkgRVF0ZcphVxtc,"https://maps.googleapis.com/maps/api/place/radarsearch/json?location=51.5072,-0.1275&radius=500&type",51.510266,-0.133029,"13 Coventry Street, London W1D 7DH, United Kingdom",Monday: 12:00 pm â€“ 6:00 amTuesday: 12:00 pm â€“ 6:00 amWednesday: 12:00 pm â€“ 6:00 amThursday: 12,2015-01-07 18:03:39,4.1,night_club,bar,establishment,...,...,...,...,...
94,The Sherlock Holmes,ChIJnViY484EdkgRRuivNzAt-hI,"https://maps.googleapis.com/maps/api/place/radarsearch/json?location=51.5072,-0.1275&radius=500&type",51.507288,-0.125231,"10-11 Northumberland Street, London WC2N 5DB, United Kingdom",Monday: 11:00 am â€“ 11:00 pmTuesday: 11:00 am â€“ 11:00 pmWednesday: 11:00 am â€“ 11:00 pmThursday:,2015-01-07 18:03:39,3.9,bar,restaurant,food,establishment,...,...,...,...
95,CÃ´te Saint Martins Lane,ChIJ9Watyc0EdkgRNCGspYgasFk,"https://maps.googleapis.com/maps/api/place/radarsearch/json?location=51.5072,-0.1275&radius=500&type",51.51071,-0.12681,"51 Saint Martins Lane, London WC2N 4EA, United Kingdom",Monday: 8:00 am â€“ 11:00 pmTuesday: 8:00 am â€“ 11:00 pmWednesday: 8:00 am â€“ 12:00 amThursday: 8:,2015-01-07 18:03:40,3.9,bar,restaurant,food,establishment,...,...,...,...
96,Polpo,ChIJ3_NW8ssEdkgRpYTIr79GHEs,"https://maps.googleapis.com/maps/api/place/radarsearch/json?location=51.5072,-0.1275&radius=500&type",51.510701,-0.122754,"6 Maiden Lane, London WC2E 7NA, United Kingdom",Monday: 12:00 â€“ 11:30 pmTuesday: 12:00 â€“ 11:30 pmWednesday: 12:00 â€“ 11:30 pmThursday: 12:00 â€,2015-01-07 18:03:40,3.9,bar,restaurant,food,establishment,...,...,...,...
97,ONeills Wardour Street,ChIJ9VItPtIEdkgRa5I-HanluaY,"https://maps.googleapis.com/maps/api/place/radarsearch/json?location=51.5072,-0.1275&radius=500&type",51.51137,-0.132286,"33-37 Wardour Street, London W1D 6PU, United Kingdom",Monday: 11:00 am â€“ 2:00 amTuesday: 11:00 am â€“ 2:00 amWednesday: 11:00 am â€“ 3:00 amThursday: 11,2015-01-07 18:03:40,3.9,bar,restaurant,food,establishment,...,...,...,...
98,T.G.I Fridays,ChIJjRvL09MEdkgRJOHqtQZkCwg,"https://maps.googleapis.com/maps/api/place/radarsearch/json?location=51.5072,-0.1275&radius=500&type",51.510089,-0.132422,"25-29 Coventry Street, London W1D 7AG, United Kingdom",Monday: 12:00 â€“ 11:00 pmTuesday: 12:00 â€“ 11:00 pmWednesday: 12:00 â€“ 11:00 pmThursday: 12:00 â€,2015-01-07 18:03:40,3.9,bar,restaurant,food,establishment,...,...,...,...
99,The Ship and Shovell,ChIJYxIC5M4EdkgR1KNQDHX_n1k,"https://maps.googleapis.com/maps/api/place/radarsearch/json?location=51.5072,-0.1275&radius=500&type",51.507585,-0.124827,"1-3 Craven Passage, London WC2N 5PH, United Kingdom",Monday: 11:00 am â€“ 11:00 pmTuesday: 11:00 am â€“ 11:00 pmWednesday: 11:00 am â€“ 11:00 pmThursday:,2015-01-07 18:03:40,4,bar,restaurant,food,establishment,...,...,...,...
100,The Casino At The Empire,ChIJU0_GCNIEdkgRFFmOhiqR4Ts,"https://maps.googleapis.com/maps/api/place/radarsearch/json?location=51.5072,-0.1275&radius=500&type",51.510838,-0.130348,"5-6 Leicester Square, London WC2H 7NA, United Kingdom",Monday: Open 24 hoursTuesday: Open 24 hoursWednesday: Open 24 hoursThursday: Open 24 hoursFriday: Op,2015-01-07 18:03:41,3.9,bar,casino,establishment,...,...,...,...,...
101,Adventure Bar,ChIJIQV_icwEdkgR81NyJ7LnvK8,"https://maps.googleapis.com/maps/api/place/radarsearch/json?location=51.5072,-0.1275&radius=500&type",51.510915,-0.12478,"20 Bedford Street, Covent Gardens, London WC2E 9HP, United Kingdom",Monday: 5:00 â€“ 11:30 pmTuesday: 5:00 â€“ 11:30 pmWednesday: 5:00 â€“ 11:30 pmThursday: 5:00 â€“ 11,2015-01-07 18:03:41,4.4,bar,establishment,...,...,...,...,...,...
102,Smollenskys,ChIJN0zeMsoEdkgRSzGQRP3QQ8g,"https://maps.googleapis.com/maps/api/place/radarsearch/json?location=51.5072,-0.1275&radius=500&type",51.510678,-0.120268,"105 Strand, London WC2R 0AA, United Kingdom",Monday: 12:00 pm â€“ 12:00 amTuesday: 12:00 pm â€“ 12:00 amWednesday: 12:00 pm â€“ 12:00 amThursday:,2015-01-07 18:03:41,3.2,bar,restaurant,food,establishment,...,...,...,...
103,The Penthouse London,ChIJZZHSP9IEdkgR0k3AunsRbHo,"https://maps.googleapis.com/maps/api/place/radarsearch/json?location=51.5072,-0.1275&radius=500&type",51.510712,-0.130843,"1 Leicester Square, London WC2H 7NA, United Kingdom",Monday: 10:00 pm â€“ 3:00 amTuesday: 4:00 pm â€“ 3:00 amWednesday: 4:00 pm â€“ 3:00 amThursday: 4:00,2015-01-07 18:03:41,2.8,night_club,bar,establishment,...,...,...,...,...
104,Piccadilly Institute,ChIJQ7QW5tMEdkgRHSaoxqbdr4M,"https://maps.googleapis.com/maps/api/place/radarsearch/json?location=51.5072,-0.1275&radius=500&type",51.510281,-0.133893,"The London Pavillion, 1 Piccadilly Circus, London W1J 0DA, United Kingdom",Monday: 5:00 pm â€“ 3:00 amTuesday: 5:00 pm â€“ 3:00 amWednesday: 5:00 pm â€“ 3:00 amThursday: 5:00 ,2015-01-07 18:03:41,2.4,night_club,bar,establishment,...,...,...,...,...
105,Planet Hollywood,ChIJ83exe9EEdkgRo259dr2lLcQ,"https://maps.googleapis.com/maps/api/place/radarsearch/json?location=51.5072,-0.1275&radius=500&type",51.508913,-0.132608,"57-60 Haymarket, London SW1Y 4QX, United Kingdom",Monday: 11:30 am â€“ 12:00 amTuesday: 11:30 am â€“ 12:00 amWednesday: 11:30 am â€“ 12:00 amThursday:,2015-01-07 18:03:42,3.2,bar,restaurant,food,establishment,...,...,...,...
106,Carluccios - Covent Garden,ChIJFYsZTMwEdkgRFN-f7BjgcTo,"https://maps.googleapis.com/maps/api/place/radarsearch/json?location=51.5072,-0.1275&radius=500&type",51.511486,-0.12545,"Garrick Street, London WC2E 9BH, United Kingdom",Monday: 8:00 am â€“ 11:30 pmTuesday: 8:00 am â€“ 11:30 pmWednesday: 8:00 am â€“ 11:30 pmThursday: 8:,2015-01-07 18:03:42,3.9,bar,restaurant,food,establishment,...,...,...,...
107,Zoo Bar & Club,ChIJm8X-9M0EdkgR7OfNHW6yApM,"https://maps.googleapis.com/maps/api/place/radarsearch/json?location=51.5072,-0.1275&radius=500&type",51.510896,-0.129012,"13-17 Bear Street, Leicester Square, London WC2H 7AQ, United Kingdom",Monday: 4:00 pm â€“ 3:00 amTuesday: 4:00 pm â€“ 3:00 amWednesday: 4:00 pm â€“ 3:00 amThursday: 4:00 ,2015-01-07 18:03:42,3.3,night_club,bar,establishment,...,...,...,...,...
108,Bedford & Strand,ChIJTRGWAcwEdkgRK98e-Le9JYU,"https://maps.googleapis.com/maps/api/place/radarsearch/json?location=51.5072,-0.1275&radius=500&type",51.509827,-0.123711,"1A Bedford Street, London WC2E 9HH, United Kingdom",Monday: 12:00 pm â€“ 12:00 amTuesday: 12:00 pm â€“ 12:00 amWednesday: 12:00 pm â€“ 12:00 amThursday:,2015-01-07 18:03:42,4.1,bar,restaurant,food,establishment,...,...,...,...
109,Bistro 1,ChIJf_qA68sEdkgRsl-7PJGvE1Y,"https://maps.googleapis.com/maps/api/place/radarsearch/json?location=51.5072,-0.1275&radius=500&type",51.510906,-0.122293,"33 Southampton Street, London WC2E 7HE, United Kingdom",,2015-01-07 18:03:42,3.9,cafe,bar,restaurant,food,establishment,...,...,...
110,Covent Garden Grill,ChIJySOgh8sEdkgRrbReSRGDt54,"https://maps.googleapis.com/maps/api/place/radarsearch/json?location=51.5072,-0.1275&radius=500&type",51.51082,-0.123962,"16 Henrietta Street, London WC2E 8QH, United Kingdom",Monday: 12:00 â€“ 10:30 pmTuesday: 12:00 â€“ 10:30 pmWednesday: 12:00 â€“ 11:00 pmThursday: 12:00 â€,2015-01-07 18:03:43,4.2,bar,restaurant,food,establishment,...,...,...,...
111,Simurgh,ChIJBzEkss0EdkgRKPrqluDIKSk,"https://maps.googleapis.com/maps/api/place/radarsearch/json?location=51.5072,-0.1275&radius=500&type",51.511591,-0.126546,"17 Garrick Street, London WC2E 9BL, United Kingdom",Monday: 12:00 â€“ 11:00 pmTuesday: 12:00 â€“ 11:00 pmWednesday: 12:00 â€“ 11:00 pmThursday: 12:00 â€,2015-01-07 18:03:43,4,bar,restaurant,food,establishment,...,...,...,...
112,Mint Leaf Restaurant & Bar,ChIJPVJVmNEEdkgRNtbDFaq89yM,"https://maps.googleapis.com/maps/api/place/radarsearch/json?location=51.5072,-0.1275&radius=500&type",51.50812,-0.131276,"Suffolk Pl, London SW1Y 4HX, United Kingdom",Monday: 12:00 pm â€“ 12:00 amTuesday: 12:00 pm â€“ 12:00 amWednesday: 12:00 pm â€“ 12:00 amThursday:,2015-01-07 18:03:43,3.5,bar,restaurant,food,establishment,...,...,...,...
113,Prezzo,ChIJZf2Jlc4EdkgRv83xDpKQfHA,"https://maps.googleapis.com/maps/api/place/radarsearch/json?location=51.5072,-0.1275&radius=500&type",51.507458,-0.12661,"D Grand Buildings, 31-32 Northumberland Avenue, London WC2N 5BW, United Kingdom",Monday: 12:00 â€“ 11:00 pmTuesday: 12:00 â€“ 11:00 pmWednesday: 12:00 â€“ 11:00 pmThursday: 12:00 â€,2015-01-07 18:03:43,3.7,meal_takeaway,bar,restaurant,food,establishment,...,...,...
114,Waxy OConnors,ChIJI_raytMEdkgRQBNj5weKsxM,"https://maps.googleapis.com/maps/api/place/radarsearch/json?location=51.5072,-0.1275&radius=500&type",51.510783,-0.132418,"14-16 Rupert Street, London W1D 6DD, United Kingdom",Monday: 12:00 â€“ 11:30 pmTuesday: 12:00 â€“ 11:30 pmWednesday: 12:00 â€“ 11:30 pmThursday: 12:00 â€,2015-01-07 18:03:44,4.2,bar,restaurant,food,establishment,...,...,...,...
115,Boyds Brasserie Bar & Lounge,ChIJ78fbAc8EdkgRpl7qmBRwPKU,"https://maps.googleapis.com/maps/api/place/radarsearch/json?location=51.5072,-0.1275&radius=500&type",51.50688,-0.126003,"8 Northumberland Avenue, London WC2N 5BY, United Kingdom",Monday: 7:00 am â€“ 12:00 amTuesday: 7:00 am â€“ 12:00 amWednesday: 7:00 am â€“ 12:00 amThursday: 7:,2015-01-07 18:03:44,4,night_club,bar,restaurant,food,establishment,...,...,...
116,The Harp,ChIJKXTZKcwEdkgRZs8E0eH5zVI,"https://maps.googleapis.com/maps/api/place/radarsearch/json?location=51.5072,-0.1275&radius=500&type",51.50962,-0.12599,"47 Chandos Place, London WC2N 4HS, United Kingdom",Monday: 10:00 am â€“ 11:00 pmTuesday: 10:00 am â€“ 11:00 pmWednesday: 10:00 am â€“ 11:00 pmThursday:,2015-01-07 18:03:44,4.5,bar,establishment,...,...,...,...,...,...
117,Strada,ChIJg4X0gNEEdkgR1aga3pyUD_o,"https://maps.googleapis.com/maps/api/place/radarsearch/json?location=51.5072,-0.1275&radius=500&type",51.50951,-0.131923,"39 Panton Street, London SW1Y 4EA, United Kingdom",Monday: 11:30 am â€“ 11:00 pmTuesday: 11:30 am â€“ 11:00 pmWednesday: 11:30 am â€“ 11:00 pmThursday:,2015-01-07 18:03:44,3.7,bar,restaurant,food,establishment,...,...,...,...
118,Spice Market,ChIJDacY2mcFdkgRONoB5mYWOJs,"https://maps.googleapis.com/maps/api/place/radarsearch/json?location=51.5072,-0.1275&radius=500&type",51.511006,-0.131782,"Leicester Square, 10 Wardour Street, London W1D 6QF, United Kingdom","Monday: 7:00 â€“ 11:00 am, 12:00 â€“ 3:00 pm, 5:00 â€“ 11:00 pmTuesday: 7:00 â€“ 11:00 am, 12:00 â€“",2015-01-07 18:03:44,4,bar,restaurant,food,establishment,...,...,...,...
119,The Grand At Trafalgar Square,ChIJ78fbAc8EdkgRWG1dhffz9AY,"https://maps.googleapis.com/maps/api/place/radarsearch/json?location=51.5072,-0.1275&radius=500&type",51.506969,-0.125992,"8 Northumberland Avenue, London WC2N 5BY, United Kingdom",Monday: Open 24 hoursTuesday: Open 24 hoursWednesday: Open 24 hoursThursday: Open 24 hoursFriday: Op,2015-01-07 18:03:45,4.1,bar,lodging,establishment,...,...,...,...,...
120,Institute of Directors,ChIJTZ8IrNEEdkgR1hUQC8n87FQ,"https://maps.googleapis.com/maps/api/place/radarsearch/json?location=51.5072,-0.1275&radius=500&type",51.507336,-0.131722,"116 Pall Mall, London SW1Y 5ED, United Kingdom",Monday: 8:00 am â€“ 11:00 pmTuesday: 8:00 am â€“ 11:00 pmWednesday: 8:00 am â€“ 11:00 pmThursday: 8:,2015-01-07 18:03:45,4.2,bar,restaurant,food,establishment,...,...,...,...
121,The Slug and Lettuce,ChIJuc9sjNIEdkgR0--FnyYzDsg,"https://maps.googleapis.com/maps/api/place/radarsearch/json?location=51.5072,-0.1275&radius=500&type",51.511182,-0.131405,"5 Lisle Street, Leicester Square, London WC2H 7BG, United Kingdom",Monday: 11:00 am â€“ 11:00 pmTuesday: 11:00 am â€“ 11:00 pmWednesday: 11:00 am â€“ 11:00 pmThursday:,2015-01-07 18:03:45,3.4,bar,restaurant,food,establishment,...,...,...,...
122,Prezzo,ChIJ5cIumtEEdkgRLuOFk7LnGH8,"https://maps.googleapis.com/maps/api/place/radarsearch/json?location=51.5072,-0.1275&radius=500&type",51.508668,-0.131607,"8 Haymarket, London SW1Y 4BP, United Kingdom",Monday: 12:00 â€“ 11:00 pmTuesday: 12:00 â€“ 11:00 pmWednesday: 12:00 â€“ 11:00 pmThursday: 12:00 â€,2015-01-07 18:03:45,3.6,meal_takeaway,bar,restaurant,food,establishment,...,...,...
123,Assaggetti,ChIJfaYxntEEdkgRizfN_aa9SMU,"https://maps.googleapis.com/maps/api/place/radarsearch/json?location=51.5072,-0.1275&radius=500&type",51.508579,-0.131996,"71 Haymarket, London SW1Y 4RW, United Kingdom",Monday: 12:00 â€“ 10:00 pmTuesday: 12:00 â€“ 10:00 pmWednesday: 12:00 â€“ 10:00 pmThursday: 12:00 â€,2015-01-07 18:03:45,4.4,bar,restaurant,food,establishment,...,...,...,...
124,CafÃ© Rouge at the Strand,ChIJe4rUAMsEdkgRoWcPad1a-ZE,"https://maps.googleapis.com/maps/api/place/radarsearch/json?location=51.5072,-0.1275&radius=500&type",51.50847,-0.124363,"9 Villiers Street, London WC2N 6NA, United Kingdom",Monday: 8:00 am â€“ 11:00 pmTuesday: 8:00 am â€“ 11:00 pmWednesday: 8:00 am â€“ 11:00 pmThursday: 8:,2015-01-07 18:03:45,3.6,bar,restaurant,food,establishment,...,...,...,...
125,The Chandos,ChIJySI10c0EdkgRsI0eM7W1OWA,"https://maps.googleapis.com/maps/api/place/radarsearch/json?location=51.5072,-0.1275&radius=500&type",51.50953,-0.126742,"29 Saint Martins Lane, London WC2N 4ER, United Kingdom",Monday: 11:00 am â€“ 11:00 pmTuesday: 11:00 am â€“ 11:00 pmWednesday: 11:00 am â€“ 11:00 pmThursday:,2015-01-07 18:03:46,4.1,bar,establishment,...,...,...,...,...,...
126,Jewel Covent Garden,ChIJi-8ZD8wEdkgRn4szEYEC-DA,"https://maps.googleapis.com/maps/api/place/radarsearch/json?location=51.5072,-0.1275&radius=500&type",51.510638,-0.123485,"29-30 Maiden Lane, London WC2E 7JS, United Kingdom",Monday: 5:00 pm â€“ 1:00 amTuesday: 5:00 pm â€“ 1:00 amWednesday: 5:00 pm â€“ 1:00 amThursday: 5:00 ,2015-01-07 18:03:46,3.2,food,night_club,bar,establishment,...,...,...,...
127,Chiquito,ChIJyalGCtIEdkgRejPfWOl4Qbg,"https://maps.googleapis.com/maps/api/place/radarsearch/json?location=51.5072,-0.1275&radius=500&type",51.510768,-0.129301,"20-21 Leicester Square, London WC2H 7LE, United Kingdom",Monday: 8:00 am â€“ 12:00 amTuesday: 8:00 am â€“ 12:00 amWednesday: 8:00 am â€“ 12:00 amThursday: 8:,2015-01-07 18:03:46,3.2,bar,restaurant,food,establishment,...,...,...,...
128,Benitos Hat,ChIJ_wTPS8wEdkgRKqeBwxOjgiI,"https://maps.googleapis.com/maps/api/place/radarsearch/json?location=51.5072,-0.1275&radius=500&type",51.511155,-0.125931,"19 New Row, London WC2N 4LA, United Kingdom",Monday: 11:30 am â€“ 10:00 pmTuesday: 11:30 am â€“ 10:00 pmWednesday: 11:30 am â€“ 10:00 pmThursday:,2015-01-07 18:03:46,4.2,bar,restaurant,food,establishment,...,...,...,...
129,Royal Dragon Karaoke Restaurant,ChIJU3KgT9IEdkgRjXbzZF97eTo,"https://maps.googleapis.com/maps/api/place/radarsearch/json?location=51.5072,-0.1275&radius=500&type",51.511567,-0.131868,"30 Gerrard Street, London W1D 6JS, United Kingdom",Monday: 12:00 pm â€“ 3:00 amTuesday: 12:00 pm â€“ 3:00 amWednesday: 12:00 pm â€“ 3:00 amThursday: 12,2015-01-07 18:03:46,3.7,night_club,bar,restaurant,food,establishment,...,...,...
130,Retro Bar,ChIJ347Drc4EdkgRTjjRPSD3YDI,"https://maps.googleapis.com/maps/api/place/radarsearch/json?location=51.5072,-0.1275&radius=500&type",51.509139,-0.123543,"2 George Court, London WC2N 6HH, United Kingdom",Monday: 12:00 â€“ 11:00 pmTuesday: 12:00 â€“ 11:00 pmWednesday: 12:00 â€“ 11:00 pmThursday: 12:00 â€,2015-01-07 18:03:47,4,food,night_club,bar,establishment,...,...,...,...
131,Yo! Sushi,ChIJWz78y9MEdkgRfOQaOky6NCo,"https://maps.googleapis.com/maps/api/place/radarsearch/json?location=51.5072,-0.1275&radius=500&type",51.510571,-0.132489,"Unit 34a, Trocadero Centre, 19 Rupert Street, London W1D 7DH, United Kingdom",Monday: 11:30 am â€“ 11:00 pmTuesday: 11:30 am â€“ 11:00 pmWednesday: 11:30 am â€“ 11:00 pmThursday:,2015-01-07 18:03:47,3.8,bar,restaurant,food,establishment,...,...,...,...
132,DSTRKT London,ChIJP9H-ydMEdkgR-jrue8jXSfg,"https://maps.googleapis.com/maps/api/place/radarsearch/json?location=51.5072,-0.1275&radius=500&type",51.510398,-0.132361,"9 Rupert Street, London W1D 6DG, United Kingdom",Monday: ClosedTuesday: 6:00 pm â€“ 3:00 amWednesday: 6:00 pm â€“ 3:00 amThursday: 6:00 pm â€“ 3:00 a,2015-01-07 18:03:47,3.8,night_club,bar,restaurant,food,establishment,...,...,...
133,The Coal Hole,ChIJPyb_JskEdkgRDw4ffzUc8cQ,"https://maps.googleapis.com/maps/api/place/radarsearch/json?location=51.5072,-0.1275&radius=500&type",51.510326,-0.121241,"91-92 Strand, London WC2R 0DW, United Kingdom",Monday: 10:00 am â€“ 11:00 pmTuesday: 10:00 am â€“ 11:00 pmWednesday: 10:00 am â€“ 11:30 pmThursday:,2015-01-07 18:03:47,3.6,bar,establishment,...,...,...,...,...,...
134,Opal,ChIJw39iIckEdkgRQ4aW_FFuevo,"https://maps.googleapis.com/maps/api/place/radarsearch/json?location=51.5072,-0.1275&radius=500&type",51.507348,-0.121934,"Hungerford House, Victoria Embankment, London WC2N 6PA, United Kingdom",,2015-01-07 18:03:47,3.1,night_club,bar,restaurant,food,establishment,...,...,...
135,Thai Pot,ChIJz84RKcwEdkgRzZyUVSQhBsc,"https://maps.googleapis.com/maps/api/place/radarsearch/json?location=51.5072,-0.1275&radius=500&type",51.509848,-0.12565,"1 Bedfordbury, London WC2N 4BP, United Kingdom",Monday: 12:00 â€“ 11:00 pmTuesday: 12:00 â€“ 11:00 pmWednesday: 12:00 â€“ 11:00 pmThursday: 12:00 â€,2015-01-07 18:03:48,4,bar,restaurant,food,establishment,...,...,...,...
136,Henrys Cafe Bar,ChIJySOgh8sEdkgR1xaUBhqhfeQ,"https://maps.googleapis.com/maps/api/place/radarsearch/json?location=51.5072,-0.1275&radius=500&type",51.511229,-0.122996,"5-6 Henrietta St, London WC2E 8PS, United Kingdom",Monday: 10:00 am â€“ 11:00 pmTuesday: 10:00 am â€“ 11:00 pmWednesday: 10:00 am â€“ 11:00 pmThursday:,2015-01-07 18:03:48,3.8,store,cafe,bar,restaurant,food,establishment,...,...
137,Tom Cribb - Shepherd Neame,ChIJG90uh9EEdkgR1-JuXzCLYfs,"https://maps.googleapis.com/maps/api/place/radarsearch/json?location=51.5072,-0.1275&radius=500&type",51.509583,-0.131718,"36 Panton Street, London SW1Y 4EA, United Kingdom",Monday: 11:00 am â€“ 11:00 pmTuesday: 11:00 am â€“ 11:00 pmWednesday: 11:00 am â€“ 11:00 pmThursday:,2015-01-07 18:03:48,4.1,bar,establishment,...,...,...,...,...,...
138,Spaghetti House,ChIJySI10c0EdkgRvfSv3UHWtUI,"https://maps.googleapis.com/maps/api/place/radarsearch/json?location=51.5072,-0.1275&radius=500&type",51.509607,-0.126817,"30 Saint Martins Lane, London WC2N 4ER, United Kingdom",Monday: 12:00 â€“ 11:00 pmTuesday: 12:00 â€“ 11:00 pmWednesday: 12:00 â€“ 11:00 pmThursday: 12:00 â€,2015-01-07 18:03:48,3.8,bar,restaurant,food,establishment,...,...,...,...
139,Maple Leaf,ChIJF0zB8ssEdkgRX0ppgF-8puU,"https://maps.googleapis.com/maps/api/place/radarsearch/json?location=51.5072,-0.1275&radius=500&type",51.510985,-0.122708,"41 Maiden Lane, London WC2E 7LJ, United Kingdom",Monday: 12:00 â€“ 11:00 pmTuesday: 12:00 â€“ 11:00 pmWednesday: 12:00 â€“ 11:00 pmThursday: 12:00 â€,2015-01-07 18:03:48,3.6,bar,restaurant,food,establishment,...,...,...,...
140,West End Kitchen,ChIJtdbNg9EEdkgRWcljc202s-M,"https://maps.googleapis.com/maps/api/place/radarsearch/json?location=51.5072,-0.1275&radius=500&type",51.509381,-0.131915,"5 Panton Street, Piccadilly Circus, London SW1Y 4DL, United Kingdom",,2015-01-07 18:03:48,4,bar,restaurant,food,establishment,...,...,...,...
141,Thai Square,ChIJ7TpKztEEdkgRkuPDNp_g11g,"https://maps.googleapis.com/maps/api/place/radarsearch/json?location=51.5072,-0.1275&radius=500&type",51.507464,-0.130008,"Trafalgar Square, 21-24 Cockspur Street, London SW1Y 5BN, United Kingdom","Monday: 12:00 â€“ 3:00 pm, 5:30 â€“ 11:30 pmTuesday: 12:00 â€“ 3:00 pm, 5:30 â€“ 11:30 pmWednesday: ",2015-01-07 18:03:49,3.9,bar,restaurant,food,establishment,...,...,...,...
142,Thistleâ„¢ Piccadilly hotel,ChIJZewrLtIEdkgRtl2nZKboAgk,"https://maps.googleapis.com/maps/api/place/radarsearch/json?location=51.5072,-0.1275&radius=500&type",51.510221,-0.131508,"Coventry Street, London W1D 6BZ, United Kingdom",Monday: Open 24 hoursTuesday: Open 24 hoursWednesday: Open 24 hoursThursday: Open 24 hoursFriday: Op,2015-01-07 18:03:49,3.8,bar,restaurant,lodging,food,establishment,...,...,...
143,The Lord Moon of The Mall,ChIJyawZt88EdkgRde0oyWHzMcc,"https://maps.googleapis.com/maps/api/place/radarsearch/json?location=51.5072,-0.1275&radius=500&type",51.506431,-0.127463,"16-18 Whitehall, London SW1A 2DY, United Kingdom",Monday: 8:00 am â€“ 11:30 pmTuesday: 8:00 am â€“ 11:30 pmWednesday: 8:00 am â€“ 11:30 pmThursday: 8:,2015-01-07 18:03:49,3.9,bar,establishment,...,...,...,...,...,...
144,YO! Sushi,ChIJ6Rc5otEEdkgRIj5E0J1JAEM,"https://maps.googleapis.com/maps/api/place/radarsearch/json?location=51.5072,-0.1275&radius=500&type",51.509007,-0.132372,"57 Haymarket, London SW1Y 4QX, United Kingdom",Monday: 11:30 am â€“ 11:00 pmTuesday: 11:30 am â€“ 11:00 pmWednesday: 11:30 am â€“ 11:00 pmThursday:,2015-01-07 18:03:49,3.8,bar,restaurant,food,establishment,...,...,...,...
145,Golden Dragon,ChIJsVvuTtIEdkgRpsIH_WaE2es,"https://maps.googleapis.com/maps/api/place/radarsearch/json?location=51.5072,-0.1275&radius=500&type",51.511534,-0.131589,"28-29 Gerrard Street, London W1D 6JW, United Kingdom",Monday: 12:00 â€“ 11:30 pmTuesday: 12:00 â€“ 11:30 pmWednesday: 12:00 â€“ 11:30 pmThursday: 12:00 â€,2015-01-07 18:03:49,3.4,bar,restaurant,food,establishment,...,...,...,...
146,Clarence,ChIJiaV7o88EdkgRvDTL3HQBHww,"https://maps.googleapis.com/maps/api/place/radarsearch/json?location=51.5072,-0.1275&radius=500&type",51.506134,-0.126791,"53 Whitehall, London SW1A 2HP, United Kingdom",Monday: 11:00 am â€“ 11:00 pmTuesday: 11:00 am â€“ 11:00 pmWednesday: 11:00 am â€“ 11:00 pmThursday:,2015-01-07 18:03:50,3.4,bar,restaurant,food,establishment,...,...,...,...
147,The Blue Posts,ChIJ3V-yt9MEdkgRCK3JcjNfK7s,"https://maps.googleapis.com/maps/api/place/radarsearch/json?location=51.5072,-0.1275&radius=500&type",51.511115,-0.13268,"28 Rupert Street, London W1D 6DJ, United Kingdom",Monday: 11:00 am â€“ 11:30 pmTuesday: 11:00 am â€“ 11:30 pmWednesday: 11:00 am â€“ 11:30 pmThursday:,2015-01-07 18:03:50,3.8,bar,establishment,...,...,...,...,...,...
148,American Bar,ChIJgXiP3MsEdkgRRp0YhagxGsg,"https://maps.googleapis.com/maps/api/place/radarsearch/json?location=51.5072,-0.1275&radius=500&type",51.510301,-0.120754,"Strand, London, Strand WC2R 0EU, United Kingdom",Monday: 11:30 am â€“ 12:00 amTuesday: 11:30 am â€“ 12:00 amWednesday: 11:30 am â€“ 12:00 amThursday:,2015-01-07 18:03:50,4.6,bar,restaurant,food,establishment,...,...,...,...
149,Little Frankies,ChIJqTwos88EdkgRtqBT3PzfRyQ,"https://maps.googleapis.com/maps/api/place/radarsearch/json?location=51.5072,-0.1275&radius=500&type",51.507044,-0.127213,"7 Whitehall, London SW1A 2DD, United Kingdom",Monday: 9:00 am â€“ 11:00 pmTuesday: 9:00 am â€“ 11:00 pmWednesday: 9:00 am â€“ 11:00 pmThursday: 9:,2015-01-07 18:03:50,3.3,bar,restaurant,food,establishment,...,...,...,...
150,Imperial,ChIJp6AmP9IEdkgRXI1WfY1y0s8,"https://maps.googleapis.com/maps/api/place/radarsearch/json?location=51.5072,-0.1275&radius=500&type",51.510978,-0.131104,"5 Leicester Street, London WC2H 7BL, United Kingdom",Monday: 12:00 â€“ 11:00 pmTuesday: 12:00 â€“ 11:00 pmWednesday: 12:00 â€“ 11:00 pmThursday: 12:00 â€,2015-01-07 18:03:50,3.9,bar,establishment,...,...,...,...,...,...
151,The Moon Under Water,ChIJe9cjCtIEdkgR3BpBBcuZfLs,"https://maps.googleapis.com/maps/api/place/radarsearch/json?location=51.5072,-0.1275&radius=500&type",51.510277,-0.129276,"28 Leicester Square, London WC2H 7LE, United Kingdom",Monday: 8:00 am â€“ 11:00 pmTuesday: 8:00 am â€“ 11:00 pmWednesday: 8:00 am â€“ 11:00 pmThursday: 8:,2015-01-07 18:03:50,3.5,bar,establishment,...,...,...,...,...,...
152,Brumus,ChIJ_3vAw9EEdkgR2Xu5DfPznoE,"https://maps.googleapis.com/maps/api/place/radarsearch/json?location=51.5072,-0.1275&radius=500&type",51.508308,-0.131391,"Haymarket Hotel, 1 Suffolk Place, London SW1Y 4HX, United Kingdom",Monday: 7:00 am â€“ 11:00 pmTuesday: 7:00 am â€“ 11:00 pmWednesday: 7:00 am â€“ 11:00 pmThursday: 7:,2015-01-07 18:03:51,4.2,bar,restaurant,food,establishment,...,...,...,...
153,Inamo,ChIJ-Z2NFNEEdkgRCDAe2halahg,"https://maps.googleapis.com/maps/api/place/radarsearch/json?location=51.5072,-0.1275&radius=500&type",51.508612,-0.133528,"4-12 Regent Street, London SW1Y 4PE, United Kingdom","Monday: 12:00 â€“ 3:00 pm, 5:00 â€“ 11:00 pmTuesday: 12:00 â€“ 3:00 pm, 5:00 â€“ 11:00 pmWednesday: ",2015-01-07 18:03:51,3.6,bar,restaurant,food,establishment,...,...,...,...
154,Lounge Bar - Strand Palace Hotel,ChIJa7MYyssEdkgRsCABoQLCBb0,"https://maps.googleapis.com/maps/api/place/radarsearch/json?location=51.5072,-0.1275&radius=500&type",51.510832,-0.120802,"372 Strand, London WC2R 0JJ, United Kingdom",Monday: 8:00 am â€“ 11:00 pmTuesday: 8:00 am â€“ 11:00 pmWednesday: 8:00 am â€“ 11:00 pmThursday: 8:,2015-01-07 18:03:51,,bar,restaurant,food,establishment,...,...,...,...
155,La Roche Restaurant,ChIJl5E_0M0EdkgRUYJFb0NozKY,"https://maps.googleapis.com/maps/api/place/radarsearch/json?location=51.5072,-0.1275&radius=500&type",51.510141,-0.126829,"40 Saint Martins Lane, London WC2N 4ER, United Kingdom",Monday: 11:30 am â€“ 12:00 amTuesday: 11:30 am â€“ 12:00 amWednesday: 11:30 am â€“ 12:00 amThursday:,2015-01-07 18:03:51,3.5,bar,restaurant,food,establishment,...,...,...,...
156,The Light Bar,ChIJF4PizM0EdkgRSBm98WO1wQA,"https://maps.googleapis.com/maps/api/place/radarsearch/json?location=51.5072,-0.1275&radius=500&type",51.510459,-0.126792,"45 Saint Martins Lane, London WC2N 4HX, United Kingdom",Monday: 4:30 pm â€“ 3:00 amTuesday: 4:30 pm â€“ 3:00 amWednesday: 4:30 pm â€“ 3:00 amThursday: 4:30 ,2015-01-07 18:03:51,,food,bar,establishment,...,...,...,...,...
157,Spaghetti House,ChIJxe_cY9EEdkgR3qzYPxea4BQ,"https://maps.googleapis.com/maps/api/place/radarsearch/json?location=51.5072,-0.1275&radius=500&type",51.50864,-0.132052,"Greener House, 66-68 Haymarket, London SW1Y 4RF, United Kingdom",Monday: 12:00 â€“ 11:00 pmTuesday: 12:00 â€“ 11:00 pmWednesday: 12:00 â€“ 11:00 pmThursday: 12:00 â€,2015-01-07 18:03:51,,bar,restaurant,food,establishment,...,...,...,...
158,The Old Shades,ChIJH4dEsM8EdkgRandd6RPxN5o,"https://maps.googleapis.com/maps/api/place/radarsearch/json?location=51.5072,-0.1275&radius=500&type",51.506435,-0.12704,"37 Whitehall, London SW1A 2BX, United Kingdom",Monday: 10:00 am â€“ 11:00 pmTuesday: 10:00 am â€“ 11:00 pmWednesday: 11:00 am â€“ 12:00 amThursday:,2015-01-07 18:03:52,4,bar,restaurant,food,establishment,...,...,...,...
159,The Princess Of Wales,ChIJJ93iyM4EdkgR8aZjAqPuoaw,"https://maps.googleapis.com/maps/api/place/radarsearch/json?location=51.5072,-0.1275&radius=500&type",51.508215,-0.123815,"27 Villiers Street, London WC2N 6ND, United Kingdom",Monday: 10:00 am â€“ 11:30 pmTuesday: 10:00 am â€“ 11:30 pmWednesday: 10:00 am â€“ 11:30 pmThursday:,2015-01-07 18:03:52,3.6,bar,restaurant,food,establishment,...,...,...,...
160,The Bear & Staff,ChIJBX12880EdkgRrQII7vdod5Y,"https://maps.googleapis.com/maps/api/place/radarsearch/json?location=51.5072,-0.1275&radius=500&type",51.510839,-0.128628,"10-12 Bear Street, London WC2H 7AS, United Kingdom",Monday: 10:00 am â€“ 11:30 pmTuesday: 10:00 am â€“ 11:30 pmWednesday: 10:00 am â€“ 11:00 pmThursday:,2015-01-07 18:03:52,4.6,bar,restaurant,food,establishment,...,...,...,...
161,Grosvenor Casino Piccadilly,ChIJj_09M9IEdkgRTOqKDYbRqUU,"https://maps.googleapis.com/maps/api/place/radarsearch/json?location=51.5072,-0.1275&radius=500&type",51.510238,-0.132586,"3-4 Coventry Street, London W1D 6BL, United Kingdom",Monday: Open 24 hoursTuesday: Open 24 hoursWednesday: Open 24 hoursThursday: Open 24 hoursFriday: Op,2015-01-07 18:03:52,,bar,restaurant,food,establishment,...,...,...,...
162,C & R Cafe & Restaurant,ChIJZ8aAttMEdkgRFtcdGcvlzV4,"https://maps.googleapis.com/maps/api/place/radarsearch/json?location=51.5072,-0.1275&radius=500&type",51.511134,-0.132492,"4 Rupert Court, London W1D 6DY, United Kingdom",Monday: 12:00 â€“ 11:00 pmTuesday: 12:00 â€“ 11:00 pmWednesday: 12:00 â€“ 11:00 pmThursday: 12:00 â€,2015-01-07 18:03:52,3.8,cafe,bar,restaurant,food,establishment,...,...,...
163,Champagne Charlies,ChIJDVBtxs4EdkgRf-5oIdtMFF4,"https://maps.googleapis.com/maps/api/place/radarsearch/json?location=51.5072,-0.1275&radius=500&type",51.508066,-0.124126,"The Arches, 17 Villiers Street, London WC2N 6NG, United Kingdom",Monday: 11:00 am â€“ 11:00 pmTuesday: 11:00 am â€“ 11:00 pmWednesday: 11:00 am â€“ 11:00 pmThursday:,2015-01-07 18:03:53,4.1,bar,restaurant,food,establishment,...,...,...,...
164,Garfunkels,ChIJR1HwAMwEdkgRuLiSdbxoURo,"https://maps.googleapis.com/maps/api/place/radarsearch/json?location=51.5072,-0.1275&radius=500&type",51.509893,-0.123202,"420 Strand, London WC2R 0PT, United Kingdom",Monday: 7:00 am â€“ 11:30 pmTuesday: 7:00 am â€“ 11:30 pmWednesday: 7:00 am â€“ 11:30 pmThursday: 7:,2015-01-07 18:03:53,2.9,cafe,bar,restaurant,food,establishment,...,...,...
165,Hazuki,ChIJYfgBgc4EdkgRsF1Ng3ikwFc,"https://maps.googleapis.com/maps/api/place/radarsearch/json?location=51.5072,-0.1275&radius=500&type",51.509574,-0.126088,"43 Chandos Place, London WC2N 4HS, United Kingdom","Monday: 12:00 â€“ 2:30 pm, 6:30 â€“ 10:30 pmTuesday: 12:00 â€“ 2:30 pm, 5:00 â€“ 10:30 pmWednesday: ",2015-01-07 18:03:53,3.5,bar,restaurant,food,establishment,...,...,...,...
166,All Bar One Henrietta Street,ChIJiZkKEswEdkgRxr2VLxWhgII,"https://maps.googleapis.com/maps/api/place/radarsearch/json?location=51.5072,-0.1275&radius=500&type",51.510685,-0.124141,"19 Henrietta Street, London WC2E 8QH, United Kingdom",Monday: 8:00 am â€“ 11:00 pmTuesday: 8:00 am â€“ 11:00 pmWednesday: 8:00 am â€“ 11:00 pmThursday: 8:,2015-01-07 18:03:53,3.5,bar,restaurant,food,establishment,...,...,...,...
167,Garfunkels,ChIJJUX3384EdkgRmEqO3_ZaXFI,"https://maps.googleapis.com/maps/api/place/radarsearch/json?location=51.5072,-0.1275&radius=500&type",51.507188,-0.126832,"2-3 Northumberland Avenue, London WC2N 5BY, United Kingdom",Monday: 7:00 am â€“ 11:30 pmTuesday: 7:00 am â€“ 11:30 pmWednesday: 7:00 am â€“ 11:30 pmThursday: 7:,2015-01-07 18:03:53,3.1,bar,restaurant,food,establishment,...,...,...,...
168,Ruby Blue,ChIJG7ClbtIEdkgR4S898TY1LoU,"https://maps.googleapis.com/maps/api/place/radarsearch/json?location=51.5072,-0.1275&radius=500&type",51.511026,-0.13013,"1 Leicester Street, London WC2 7BP, United Kingdom",Monday: 5:00 pm â€“ 3:00 amTuesday: 5:00 pm â€“ 3:00 amWednesday: 5:00 pm â€“ 3:00 amThursday: 5:00 ,2015-01-07 18:03:54,2.5,night_club,bar,restaurant,food,establishment,...,...,...
169,Angus Steakhouse,ChIJ03seTNIEdkgRiNJ0ttY-LA4,"https://maps.googleapis.com/maps/api/place/radarsearch/json?location=51.5072,-0.1275&radius=500&type",51.509244,-0.1322,"24 Haymarket, London SW1Y 4DG, United Kingdom",Monday: 10:00 am â€“ 12:00 amTuesday: 10:00 am â€“ 12:00 amWednesday: 10:00 am â€“ 12:00 amThursday:,2015-01-07 18:03:54,3.6,bar,restaurant,food,establishment,...,...,...,...
170,Archer Street,ChIJm7MFkdMEdkgRndV2NRQqVV4,"https://maps.googleapis.com/maps/api/place/radarsearch/json?location=51.5072,-0.1275&radius=500&type",51.511472,-0.133922,"3-4 Archer Street, London W1D 7AP, United Kingdom",Monday: 4:00 pm â€“ 1:00 amTuesday: 4:00 pm â€“ 1:00 amWednesday: 4:00 pm â€“ 1:00 amThursday: 4:00 ,2015-01-07 18:03:54,3,bar,restaurant,food,establishment,...,...,...,...
171,Rockwell Bar & Room,ChIJ7TpKztEEdkgR4ErT0rAwUeQ,"https://maps.googleapis.com/maps/api/place/radarsearch/json?location=51.5072,-0.1275&radius=500&type",51.507273,-0.129301,"2 Spring Gardens, Trafalgar Square, London SW1A 2TS, United Kingdom",Monday: 7:00 am â€“ 1:00 amTuesday: 7:00 am â€“ 1:00 amWednesday: 7:00 am â€“ 1:00 amThursday: 7:00 ,2015-01-07 18:03:54,,bar,establishment,...,...,...,...,...,...
172,Hispaniola,ChIJ2Qfl5bUEdkgRyZhpfAoiZ0w,"https://maps.googleapis.com/maps/api/place/radarsearch/json?location=51.5072,-0.1275&radius=500&type",51.506128,-0.122403,"Victoria Embankment, London WC2N 5DJ, United Kingdom",Monday: 11:00 am â€“ 11:00 pmTuesday: 11:00 am â€“ 11:00 pmWednesday: 11:00 am â€“ 11:00 pmThursday:,2015-01-07 18:03:54,3.7,bar,restaurant,food,establishment,...,...,...,...
173,The Round House,ChIJ2eGySMwEdkgReaElTgTKCAo,"https://maps.googleapis.com/maps/api/place/radarsearch/json?location=51.5072,-0.1275&radius=500&type",51.511192,-0.12552,"1 Garrick Street, London WC2E 9BF, United Kingdom",Monday: 11:00 am â€“ 11:30 pmTuesday: 11:00 am â€“ 11:30 pmWednesday: 11:00 am â€“ 11:30 pmThursday:,2015-01-07 18:03:54,3.8,bar,restaurant,food,establishment,...,...,...,...
174,Round Table - Taylor Walker,ChIJYzHR7M0EdkgRaK8Q3o9EUgw,"https://maps.googleapis.com/maps/api/place/radarsearch/json?location=51.5072,-0.1275&radius=500&type",51.510898,-0.127981,"27 St Martins Court, London WC2N 4AL, United Kingdom",Monday: 12:00 â€“ 11:00 pmTuesday: 12:00 â€“ 11:00 pmWednesday: 12:00 â€“ 11:00 pmThursday: 12:00 â€,2015-01-07 18:03:55,4,bar,restaurant,food,establishment,...,...,...,...
175,Koha Restaurant - Bar,ChIJOxV2ls0EdkgRymRhwmxlUf0,"https://maps.googleapis.com/maps/api/place/radarsearch/json?location=51.5072,-0.1275&radius=500&type",51.51128,-0.127689,"11 Saint Martins Court, London WC2 4AJ, United Kingdom",Monday: 12:00 pm â€“ 12:30 amTuesday: 12:00 pm â€“ 12:30 amWednesday: 12:00 pm â€“ 12:30 amThursday:,2015-01-07 18:03:55,4,bar,restaurant,food,establishment,...,...,...,...
176,Waxys Little Sister,ChIJI_raytMEdkgROGPAA1ApyB4,"https://maps.googleapis.com/maps/api/place/radarsearch/json?location=51.5072,-0.1275&radius=500&type",51.511113,-0.131772,"20 Wardour Street, London W1D 6QG, United Kingdom",Monday: 11:00 am â€“ 11:30 pmTuesday: 11:00 am â€“ 11:30 pmWednesday: 11:00 am â€“ 11:30 pmThursday:,2015-01-07 18:03:55,3.7,bar,establishment,...,...,...,...,...,...
177,The Rose Lounge,ChIJm-7eBtEEdkgRWNwGWA-t0ls,"https://maps.googleapis.com/maps/api/place/radarsearch/json?location=51.5072,-0.1275&radius=500&type",51.507514,-0.132419,"Sofitel St James London, 6 Waterloo Place, London SW1Y 4AN, United Kingdom",Monday: 2:30 â€“ 5:30 pmTuesday: 2:30 â€“ 5:30 pmWednesday: 2:30 â€“ 5:30 pmThursday: 2:30 â€“ 5:30 ,2015-01-07 18:03:55,,bar,restaurant,food,establishment,...,...,...,...
178,Theodore Bullfrog,ChIJI7Vass4EdkgRHZ-kzaHPeto,"https://maps.googleapis.com/maps/api/place/radarsearch/json?location=51.5072,-0.1275&radius=500&type",51.508778,-0.12382,"26 John Adam Street, London WC2N 6HL, United Kingdom",Monday: 11:00 am â€“ 11:00 pmTuesday: 11:00 am â€“ 11:00 pmWednesday: 11:00 am â€“ 11:00 pmThursday:,2015-01-07 18:03:55,3.3,bar,restaurant,food,establishment,...,...,...,...
179,The Marquis,ChIJI60zKMwEdkgRKo8uGu7x8sk,"https://maps.googleapis.com/maps/api/place/radarsearch/json?location=51.5072,-0.1275&radius=500&type",51.509755,-0.125685,"51-52 Chandos Place, London WC2N 4HS, United Kingdom",Monday: 12:00 â€“ 11:30 pmTuesday: 12:00 â€“ 11:30 pmWednesday: 12:00 â€“ 11:30 pmThursday: 12:00 â€,2015-01-07 18:03:55,4.3,bar,restaurant,food,establishment,...,...,...,...
180,Massimo Restaurant & Bar,ChIJiWS1U84EdkgRhqoSlHvn8VE,"https://maps.googleapis.com/maps/api/place/radarsearch/json?location=51.5072,-0.1275&radius=500&type",51.506792,-0.124518,"10 Northumberland Avenue, London WC2N 5AE, United Kingdom",Monday: 12:00 â€“ 11:00 pmTuesday: 12:00 â€“ 11:00 pmWednesday: 12:00 â€“ 11:00 pmThursday: 12:00 â€,2015-01-07 18:03:56,,bar,restaurant,food,establishment,...,...,...,...
181,"La Tasca, Covent Garden",ChIJwyZuD8wEdkgRREujtKd3OLc,"https://maps.googleapis.com/maps/api/place/radarsearch/json?location=51.5072,-0.1275&radius=500&type",51.510416,-0.123826,"23-24 Maiden Lane, London WC2E 7NA, United Kingdom",Monday: 11:00 am â€“ 11:30 pmTuesday: 11:00 am â€“ 11:30 pmWednesday: 11:00 am â€“ 11:30 pmThursday:,2015-01-07 18:03:56,3.6,bar,restaurant,food,establishment,...,...,...,...
182,China City Restaurant - Leicester Square,ChIJxzc1P9IEdkgRkxQ9k8UwEZk,"https://maps.googleapis.com/maps/api/place/radarsearch/json?location=51.5072,-0.1275&radius=500&type",51.510993,-0.131188,"4 Leicester Street, London WC2H 7BL, United Kingdom",Monday: 12:00 â€“ 11:00 pmTuesday: 12:00 â€“ 11:00 pmWednesday: 12:00 â€“ 11:00 pmThursday: 12:00 â€,2015-01-07 18:03:56,3.8,night_club,bar,restaurant,food,establishment,...,...,...
183,The Portrait Restaurant & Bar,ChIJu5jCcc4EdkgR7B7TL83UFBQ,"https://maps.googleapis.com/maps/api/place/radarsearch/json?location=51.5072,-0.1275&radius=500&type",51.509289,-0.127578,"National Portrait Gallery, St. Martins Place, London WC2H 0HE, United Kingdom",Monday: 10:00 am â€“ 5:00 pmTuesday: 10:00 am â€“ 5:00 pmWednesday: 10:00 am â€“ 5:00 pmThursday: 10,2015-01-07 18:03:56,4,bar,restaurant,food,establishment,...,...,...,...
184,Garrick Arms,ChIJS4XRk80EdkgRao_bEY2dsbc,"https://maps.googleapis.com/maps/api/place/radarsearch/json?location=51.5072,-0.1275&radius=500&type",51.510343,-0.128182,"8-10 Charing Cross Road, Leicester Square WC2H 0HG, United Kingdom",Monday: 11:00 am â€“ 11:00 pmTuesday: 11:00 am â€“ 11:00 pmWednesday: 11:00 am â€“ 11:00 pmThursday:,2015-01-07 18:03:56,4,bar,establishment,...,...,...,...,...,...
185,Brewmaster,ChIJkWXnk80EdkgRxqRXqhlw8AM,"https://maps.googleapis.com/maps/api/place/radarsearch/json?location=51.5072,-0.1275&radius=500&type",51.511321,-0.128209,"37 Cranbourn Street, London WC2H 7AD, United Kingdom",Monday: 10:00 am â€“ 11:00 pmTuesday: 10:00 am â€“ 11:00 pmWednesday: 10:00 am â€“ 11:00 pmThursday:,2015-01-07 18:03:57,3.2,bar,restaurant,food,establishment,...,...,...,...
186,National Dining Rooms,ChIJA0a9MM4EdkgRotYoLb7u9_M,"https://maps.googleapis.com/maps/api/place/radarsearch/json?location=51.5072,-0.1275&radius=500&type",51.508502,-0.129765,"Sainsbury Wing, The National Gallery, Trafalgar Square, London WC2N 5DN, United Kingdom",Monday: 10:00 am â€“ 5:30 pmTuesday: 10:00 am â€“ 5:30 pmWednesday: 10:00 am â€“ 5:30 pmThursday: 10,2015-01-07 18:03:57,3.7,bar,restaurant,food,establishment,...,...,...,...
187,Leicester Square Restaurant (Now Closed),ChIJy6Yc-M0EdkgRSHNISipviKA,"https://maps.googleapis.com/maps/api/place/radarsearch/json?location=51.5072,-0.1275&radius=500&type",51.509744,-0.1301,"3 Saint Martin-In-The Fields Church Path, Leicester Square, London WC2H 7HL, United Kingdom",Monday: 8:00 am â€“ 11:30 pmTuesday: 8:00 am â€“ 11:30 pmWednesday: 8:00 am â€“ 11:30 pmThursday: 8:,2015-01-07 18:03:57,,bar,restaurant,food,establishment,...,...,...,...
188,Plum Valley,ChIJ_ed5UtIEdkgRbzKZVZBbRrE,"https://maps.googleapis.com/maps/api/place/radarsearch/json?location=51.5072,-0.1275&radius=500&type",51.511577,-0.131825,"20 Gerrard Street, London W1D 6JQ, United Kingdom",,2015-01-07 18:03:57,3.7,bar,restaurant,food,establishment,...,...,...,...
189,Strand Tandoori,ChIJPwRFBMwEdkgRO9v6SIxbSTc,"https://maps.googleapis.com/maps/api/place/radarsearch/json?location=51.5072,-0.1275&radius=500&type",51.510128,-0.123775,"45 Bedford Street, London WC2E 9HA, United Kingdom","Monday: 12:00 â€“ 3:00 pm, 5:30 pm â€“ 12:00 amTuesday: 12:00 â€“ 3:00 pm, 5:30 pm â€“ 12:00 amWedne",2015-01-07 18:03:57,3.2,meal_takeaway,bar,restaurant,food,establishment,...,...,...
190,Garfunkels,ChIJ03seTNIEdkgR7spPV1bGkdE,"https://maps.googleapis.com/maps/api/place/radarsearch/json?location=51.5072,-0.1275&radius=500&type",51.509923,-0.129461,"19 Irving Street, London WC2H 7AU, United Kingdom",Monday: 9:00 am â€“ 11:00 pmTuesday: 9:00 am â€“ 11:00 pmWednesday: 9:00 am â€“ 11:00 pmThursday: 9:,2015-01-07 18:03:57,3.5,cafe,bar,restaurant,food,establishment,...,...,...
191,Giovannis,ChIJhyOTys0EdkgRBnZdXo6lhZE,"https://maps.googleapis.com/maps/api/place/radarsearch/json?location=51.5072,-0.1275&radius=500&type",51.511064,-0.126073,"10 Goodwins Court, London WC2N 4LL, United Kingdom","Monday: 12:15 â€“ 2:30 pm, 5:30 â€“ 11:30 pmTuesday: 12:15 â€“ 2:30 pm, 5:30 â€“ 11:30 pmWednesday: ",2015-01-07 18:03:58,3.7,bar,restaurant,food,establishment,...,...,...,...
192,Maharaja Of India,ChIJS_aY-s0EdkgRbxbEVrlil9k,"https://maps.googleapis.com/maps/api/place/radarsearch/json?location=51.5072,-0.1275&radius=500&type",51.510321,-0.128542,"19A Charing Cross Road, London WC2H 0ET, United Kingdom",Monday: 12:00 pm â€“ 12:00 amTuesday: 12:00 pm â€“ 12:00 amWednesday: 12:00 pm â€“ 12:00 amThursday:,2015-01-07 18:03:58,2.7,bar,restaurant,food,establishment,...,...,...,...
193,ANGUS STEAKHOUSE,ChIJ9SoFl80EdkgR-J_w9Z-rBx4,"https://maps.googleapis.com/maps/api/place/radarsearch/json?location=51.5072,-0.1275&radius=500&type",51.511443,-0.128221,"20 Cranbourn Street, London WC2H 7AD, United Kingdom",Monday: 10:00 am â€“ 12:00 amTuesday: 10:00 am â€“ 12:00 amWednesday: 10:00 am â€“ 12:00 amThursday:,2015-01-07 18:03:58,2.9,bar,restaurant,food,establishment,...,...,...,...
194,Pasta Brown,ChIJK27TaswEdkgRUB_KlU3PU5I,"https://maps.googleapis.com/maps/api/place/radarsearch/json?location=51.5072,-0.1275&radius=500&type",51.511007,-0.124618,"31-32 Bedford Street, London WC2E 9ED, United Kingdom",,2015-01-07 18:03:58,4,bar,restaurant,food,establishment,...,...,...,...
195,The Lyric,ChIJycXEjdMEdkgRPubl3Z-XMGM,"https://maps.googleapis.com/maps/api/place/radarsearch/json?location=51.5072,-0.1275&radius=500&type",51.511259,-0.13438,"37 Great Windmill Street, London W1D 7LU, United Kingdom",Monday: 11:00 am â€“ 11:30 pmTuesday: 11:00 am â€“ 11:30 pmWednesday: 11:00 am â€“ 11:30 pmThursday:,2015-01-07 18:03:58,4,bar,restaurant,food,establishment,...,...,...,...
196,Three Crowns - Taylor Walker,ChIJLQR-TNEEdkgRVGgIy0AV1KY,"https://maps.googleapis.com/maps/api/place/radarsearch/json?location=51.5072,-0.1275&radius=500&type",51.508362,-0.134488,"19 Babmaes Street, London, Saint Jamess SW1Y 6HD, United Kingdom",Monday: 11:30 am â€“ 11:00 pmTuesday: 11:30 am â€“ 11:00 pmWednesday: 11:30 am â€“ 11:00 pmThursday:,2015-01-07 18:03:58,,bar,restaurant,food,establishment,...,...,...,...
197,Thai Pin,ChIJZREC9MsEdkgRfTMGP22Jxp4,"https://maps.googleapis.com/maps/api/place/radarsearch/json?location=51.5072,-0.1275&radius=500&type",51.510808,-0.122797,"7 Maiden Lane, London WC2E 7NA, United Kingdom","Monday: 12:00 â€“ 3:00 pm, 5:30 â€“ 11:15 pmTuesday: 12:00 â€“ 3:00 pm, 5:30 â€“ 11:15 pmWednesday: ",2015-01-07 18:03:59,3.6,bar,restaurant,food,establishment,...,...,...,...
198,Gerrards Corner,ChIJUcJtTNIEdkgRWliE1W2Xfjc,"https://maps.googleapis.com/maps/api/place/radarsearch/json?location=51.5072,-0.1275&radius=500&type",51.511335,-0.131904,"30 Wardour Street, London W1D 6QW, United Kingdom",Monday: 12:00 â€“ 11:45 pmTuesday: 12:00 â€“ 11:45 pmWednesday: 12:00 â€“ 11:45 pmThursday: 12:00 â€,2015-01-07 18:03:59,3.4,bar,restaurant,food,establishment,...,...,...,...
199,Union Jacks,ChIJl7NSgcsEdkgRNmmKw-i2Mo4,"https://maps.googleapis.com/maps/api/place/radarsearch/json?location=51.5072,-0.1275&radius=500&type",51.511586,-0.122813,"5 North Hall, Covent Garden Plaza, Covent Garden, London WC2E 8RE, United Kingdom",Monday: 12:00 â€“ 11:00 pmTuesday: 12:00 â€“ 11:00 pmWednesday: 12:00 â€“ 11:00 pmThursday: 12:00 â€,2015-01-07 18:03:59,4,bar,restaurant,food,establishment,...,...,...,...
200,Francos Pizzeria,ChIJSQmot9MEdkgRO52T5HywdTo,"https://maps.googleapis.com/maps/api/place/radarsearch/json?location=51.5072,-0.1275&radius=500&type",51.511156,-0.132703,"30 Rupert Street, London W1D 6DL, United Kingdom",Monday: 12:00 pm â€“ 1:00 amTuesday: 12:00 pm â€“ 1:00 amWednesday: 12:00 pm â€“ 1:00 amThursday: 12,2015-01-07 18:03:59,3.2,bar,restaurant,food,establishment,...,...,...,...
201,The Lounge at The Royal Horseguards,ChIJc9zIO88EdkgR6kSDqM40Kzk,"https://maps.googleapis.com/maps/api/place/radarsearch/json?location=51.5072,-0.1275&radius=500&type",51.506138,-0.124239,"The Royal Horseguards, 2 Whitehall Court, Whitehall, London SW1A 2EJ, United Kingdom",Monday: 7:00 am â€“ 10:00 pmTuesday: 7:00 am â€“ 10:00 pmWednesday: 7:00 am â€“ 10:00 pmThursday: 7:,2015-01-07 18:03:59,,cafe,bar,lodging,food,establishment,...,...,...
202,The Lobby Lounge,ChIJf8FhJc8EdkgR9rGU3-OjWHU,"https://maps.googleapis.com/maps/api/place/radarsearch/json?location=51.5072,-0.1275&radius=500&type",51.506507,-0.124544,"10 Whitehall Place, London SW1A 2BD, United Kingdom",Monday: 7:00 am â€“ 11:00 pmTuesday: 7:00 am â€“ 11:00 pmWednesday: 7:00 am â€“ 11:00 pmThursday: 7:,2015-01-07 18:04:00,,bar,restaurant,food,establishment,...,...,...,...
203,Bateaux London,ChIJ_XD7HMkEdkgRr8HNeQV9Yug,"https://maps.googleapis.com/maps/api/place/radarsearch/json?location=51.5072,-0.1275&radius=500&type",51.507313,-0.121451,"Embankment Pier, Victoria Embankment, London WC2N 6NU, United Kingdom",Monday: 10:00 am â€“ 8:00 pmTuesday: 10:00 am â€“ 8:00 pmWednesday: 10:00 am â€“ 8:00 pmThursday: 10,2015-01-07 18:04:00,4.1,bar,restaurant,food,establishment,...,...,...,...
204,The National CafÃ©,ChIJeclqF84EdkgR49WkHTUtTEM,"https://maps.googleapis.com/maps/api/place/radarsearch/json?location=51.5072,-0.1275&radius=500&type",51.50886,-0.127543,"The National Gallery, Trafalgar Square, London WC2N 4DN, United Kingdom",Monday: 8:00 am â€“ 11:00 pmTuesday: 8:00 am â€“ 11:00 pmWednesday: 8:00 am â€“ 11:00 pmThursday: 8:,2015-01-07 18:04:00,3.6,meal_takeaway,cafe,bar,restaurant,food,establishment,...,...
205,Lulivo,ChIJsahA_s0EdkgRpjCUW-otaYQ,"https://maps.googleapis.com/maps/api/place/radarsearch/json?location=51.5072,-0.1275&radius=500&type",51.509852,-0.128902,"15 Irving Street, London WC2H 7AU, United Kingdom",Monday: 10:00 am â€“ 12:30 amTuesday: 10:00 am â€“ 12:30 amWednesday: 10:00 am â€“ 12:30 amThursday:,2015-01-07 18:04:00,3.8,cafe,bar,restaurant,food,establishment,...,...,...
206,Halfway To Heaven,ChIJa5jLZs4EdkgRfzJWve3KXk0,"https://maps.googleapis.com/maps/api/place/radarsearch/json?location=51.5072,-0.1275&radius=500&type",51.508494,-0.126526,"7 Duncannon Street, London WC2N 4JF, United Kingdom",Monday: 12:00 pm â€“ 12:00 amTuesday: 12:00 pm â€“ 12:00 amWednesday: 12:00 pm â€“ 12:00 amThursday:,2015-01-07 18:04:00,3.6,food,night_club,bar,establishment,...,...,...,...
207,All Bar One,ChIJy7yt6s4EdkgRXlid7Vepfko,"https://maps.googleapis.com/maps/api/place/radarsearch/json?location=51.5072,-0.1275&radius=500&type",51.508004,-0.12363,"6 Villiers Street, London WC2N 6NQ, United Kingdom",Monday: 10:00 am â€“ 11:30 pmTuesday: 10:00 am â€“ 11:30 pmWednesday: 10:00 am â€“ 11:30 pmThursday:,2015-01-07 18:04:01,3.8,bar,restaurant,food,establishment,...,...,...,...
208,Peyton & Byrne,ChIJpwrHSNAEdkgR-bhViOGEYxw,"https://maps.googleapis.com/maps/api/place/radarsearch/json?location=51.5072,-0.1275&radius=500&type",51.506805,-0.129817,"Institute Of Contemporary Arts, The Mall, London SW1Y 5AH, United Kingdom",Monday: ClosedTuesday: 11:00 am â€“ 11:00 pmWednesday: 11:00 am â€“ 11:00 pmThursday: 11:00 am â€“ 1,2015-01-07 18:04:01,,cafe,bar,restaurant,food,establishment,...,...,...
209,Hampshire Bar and Restaurant,ChIJ03seTNIEdkgR70WBpBtjPkU,"https://maps.googleapis.com/maps/api/place/radarsearch/json?location=51.5072,-0.1275&radius=500&type",51.509984,-0.129793,"31 Leicester Square, London WC2H 7LH, United Kingdom",,2015-01-07 18:04:01,,cafe,bar,restaurant,food,establishment,...,...,...
210,The Two Chairmen,ChIJc8CxztEEdkgRKzx-AVCV5ng,"https://maps.googleapis.com/maps/api/place/radarsearch/json?location=51.5072,-0.1275&radius=500&type",51.507466,-0.130193,"1 Warwick House Street, Trafalgar Square, London SW1Y 5AT, United Kingdom",Monday: 11:30 am â€“ 11:30 pmTuesday: 11:30 am â€“ 11:30 pmWednesday: 11:30 am â€“ 11:30 pmThursday:,2015-01-07 18:04:01,4.2,bar,restaurant,food,establishment,...,...,...,...
211,Be At One Piccadilly Circus,ChIJidDDj9MEdkgR6WxynvkUv44,"https://maps.googleapis.com/maps/api/place/radarsearch/json?location=51.5072,-0.1275&radius=500&type",51.511551,-0.1344,"20 Great Windmill Street, London W1D 7LA, United Kingdom",Monday: 4:30 â€“ 11:30 pmTuesday: 4:30 â€“ 11:30 pmWednesday: 4:30 â€“ 11:30 pmThursday: 4:30 â€“ 11,2015-01-07 18:04:01,4.2,bar,establishment,...,...,...,...,...,...
212,The White Swan,ChIJkypeSMwEdkgRn8r2NlZeWYc,"https://maps.googleapis.com/maps/api/place/radarsearch/json?location=51.5072,-0.1275&radius=500&type",51.511068,-0.125577,"14 New Row, London WC2N 4LF, United Kingdom",Monday: 10:00 am â€“ 11:00 pmTuesday: 10:00 am â€“ 11:00 pmWednesday: 10:00 am â€“ 11:00 pmThursday:,2015-01-07 18:04:01,4,bar,restaurant,food,establishment,...,...,...,...
213,The Mask Bar,ChIJrRIMsssEdkgRj1s0favSBgA,"https://maps.googleapis.com/maps/api/place/radarsearch/json?location=51.5072,-0.1275&radius=500&type",51.510829,-0.12081,"372 Strand, London WC2R 0JJ, United Kingdom",Monday: 5:00 pm â€“ 3:00 amTuesday: 5:00 pm â€“ 3:00 amWednesday: 5:00 pm â€“ 3:00 amThursday: 5:00 ,2015-01-07 18:04:02,,bar,establishment,...,...,...,...,...,...
214,A Lounge,ChIJpxRYKc4EdkgRuDiVRuMuBV4,"https://maps.googleapis.com/maps/api/place/radarsearch/json?location=51.5072,-0.1275&radius=500&type",51.507363,-0.12886,"66 Trafalgar Square, London WC2N 5DS, United Kingdom",,2015-01-07 18:04:02,3.9,night_club,bar,establishment,...,...,...,...,...
215,St James Tavern,ChIJ2XXs7NMEdkgREeOUhIi9YQg,"https://maps.googleapis.com/maps/api/place/radarsearch/json?location=51.5072,-0.1275&radius=500&type",51.510822,-0.134089,"45 Great Windmill Street, London W1D 7NE, United Kingdom",Monday: 11:30 am â€“ 11:30 pmTuesday: 11:30 am â€“ 11:30 pmWednesday: 11:30 am â€“ 11:30 pmThursday:,2015-01-07 18:04:02,4,bar,establishment,...,...,...,...,...,...
216,The Comedy Pub,ChIJ49lj680EdkgRsIZ3vLs_8tk,"https://maps.googleapis.com/maps/api/place/radarsearch/json?location=51.5072,-0.1275&radius=500&type",51.510043,-0.132162,"7 Oxendon Street, London SW1Y 4EE, United Kingdom",Monday: 12:00 â€“ 11:00 pmTuesday: 12:00 â€“ 11:00 pmWednesday: 12:00 â€“ 11:00 pmThursday: 12:00 â€,2015-01-07 18:04:02,3.9,store,bar,establishment,...,...,...,...,...
217,Bell & Compass,ChIJ85vnMskEdkgRSo6qJNaMg74,"https://maps.googleapis.com/maps/api/place/radarsearch/json?location=51.5072,-0.1275&radius=500&type",51.508285,-0.124257,"11 Villiers Street, Charing Cross WC2N 6NA, United Kingdom",,2015-01-07 18:04:02,,bar,establishment,...,...,...,...,...,...
218,Beaufort Bar,ChIJ-9-i0csEdkgR5E8qINrsvws,"https://maps.googleapis.com/maps/api/place/radarsearch/json?location=51.5072,-0.1275&radius=500&type",51.510254,-0.120583,"Beach, London WC2R 0EU, United Kingdom",Monday: 5:00 pm â€“ 1:00 amTuesday: 5:00 pm â€“ 1:00 amWednesday: 5:00 pm â€“ 1:00 amThursday: 5:00 ,2015-01-07 18:04:03,,bar,restaurant,food,establishment,...,...,...,...
219,Doon,ChIJi2q-Ls4EdkgRGpdbcJFu0kA,"https://maps.googleapis.com/maps/api/place/radarsearch/json?location=51.5072,-0.1275&radius=500&type",51.507363,-0.12886,"66 Trafalgar Square, London, UK WC2N 5, United Kingdom",,2015-01-07 18:04:03,,bar,establishment,...,...,...,...,...,...
220,Kink,ChIJAyRi880EdkgR-r5K9SXdH6o,"https://maps.googleapis.com/maps/api/place/radarsearch/json?location=51.5072,-0.1275&radius=500&type",51.511032,-0.128901,"18 Bear Street, London Chinatown, London WC2H 7AX, United Kingdom",,2015-01-07 18:04:03,,bar,establishment,...,...,...,...,...,...
221,Condesa,ChIJ9fxy9ssEdkgR6k5oiz8xDVU,"https://maps.googleapis.com/maps/api/place/radarsearch/json?location=51.5072,-0.1275&radius=500&type",51.510649,-0.123217,"15 Maiden Lane, London WC2E 7NG, United Kingdom",Monday: 12:00 â€“ 10:00 pmTuesday: 12:00 â€“ 11:00 pmWednesday: 12:00 â€“ 11:00 pmThursday: 12:00 â€,2015-01-07 18:04:03,4.4,bar,restaurant,food,establishment,...,...,...,...
222,B.Y.O.C.,ChIJuWjfScwEdkgR_dLO668udLE,"https://maps.googleapis.com/maps/api/place/radarsearch/json?location=51.5072,-0.1275&radius=500&type",51.511002,-0.125788,"Underneath Juice Club, 28 Bedfordbury, London WC2N 4RB, United Kingdom",Monday: ClosedTuesday: 6:00 pm â€“ 12:00 amWednesday: 6:00 pm â€“ 12:00 amThursday: 6:00 pm â€“ 12:0,2015-01-07 18:04:03,4.5,bar,establishment,...,...,...,...,...,...
223,Nell Gwynne Tavern,ChIJIelH-ssEdkgRMxS4QvZ6Ci8,"https://maps.googleapis.com/maps/api/place/radarsearch/json?location=51.5072,-0.1275&radius=500&type",51.510099,-0.122714,"1-2 Bull Inn Court, London WC2R 0NP, United Kingdom",Monday: 11:00 am â€“ 11:30 pmTuesday: 11:00 am â€“ 11:30 pmWednesday: 11:00 am â€“ 11:30 pmThursday:,2015-01-07 18:04:04,4.2,bar,establishment,...,...,...,...,...,...
224,Il Tempo,ChIJWZcAgs4EdkgR5RoVKp4mxVo,"https://maps.googleapis.com/maps/api/place/radarsearch/json?location=51.5072,-0.1275&radius=500&type",51.509675,-0.125874,"48 Chandos Place, London WC2N 4HS, United Kingdom",Monday: 8:30 am â€“ 10:30 pmTuesday: 8:30 am â€“ 11:00 pmWednesday: 8:30 am â€“ 11:00 pmThursday: 8:,2015-01-07 18:04:04,,cafe,bar,food,establishment,...,...,...,...
225,J Sheekey Restaurant,ChIJX_OU6s0EdkgRwh6i7lcylh8,"https://maps.googleapis.com/maps/api/place/radarsearch/json?location=51.5072,-0.1275&radius=500&type",51.510828,-0.12781,"28-32 St Martins Court, London WC2N 4AL, United Kingdom","Monday: 12:00 â€“ 3:00 pm, 5:00 pm â€“ 12:00 amTuesday: 12:00 â€“ 3:00 pm, 5:00 pm â€“ 12:00 amWedne",2015-01-07 18:04:04,4,bar,restaurant,food,establishment,...,...,...,...
226,Novus Leisure Ltd,ChIJR4xZKNIEdkgRRQLUEqaFhwA,"https://maps.googleapis.com/maps/api/place/radarsearch/json?location=51.5072,-0.1275&radius=500&type",51.509823,-0.131516,"Clareville House, 26-27 Oxedon Street, London SW1Y 4EL, United Kingdom",Monday: 9:00 am â€“ 6:00 pmTuesday: 9:00 am â€“ 6:00 pmWednesday: 9:00 am â€“ 6:00 pmThursday: 9:00 ,2015-01-07 18:04:04,,bar,establishment,...,...,...,...,...,...
227,Hungs,ChIJ257XtNMEdkgRVWbkGaQHvs0,"https://maps.googleapis.com/maps/api/place/radarsearch/json?location=51.5072,-0.1275&radius=500&type",51.511179,-0.132152,"27 Wardour Street, London W1D 6PR, United Kingdom",Monday: 10:00 am â€“ 4:00 amTuesday: 10:00 am â€“ 4:00 amWednesday: 10:00 am â€“ 4:00 amThursday: 10,2015-01-07 18:04:04,3.4,bar,restaurant,food,establishment,...,...,...,...
228,The Vaults Restaurant,ChIJAelJV8kEdkgRZgc4upoEqHs,"https://maps.googleapis.com/maps/api/place/radarsearch/json?location=51.5072,-0.1275&radius=500&type",51.509379,-0.122647,"The RSA, 8 John Adam Street WC2N 6EZ, United Kingdom",Monday: 12:00 â€“ 2:00 pmTuesday: 12:00 â€“ 2:00 pmWednesday: 12:00 â€“ 2:00 pmThursday: 12:00 â€“ 2,2015-01-07 18:04:04,,bar,restaurant,food,establishment,...,...,...,...
229,The Hampshire Bar and Restaurant,ChIJF-WCA9IEdkgRqe-Qc_DdC-U,"https://maps.googleapis.com/maps/api/place/radarsearch/json?location=51.5072,-0.1275&radius=500&type",51.509981,-0.129615,"31-36 Leicester Square, London WC2H 7LH, United Kingdom",,2015-01-07 18:04:05,,bar,restaurant,food,establishment,...,...,...,...
230,Thistle The Royal Trafalgar Hotel,ChIJexYS8tEEdkgRoOLWbHv1IHg,"https://maps.googleapis.com/maps/api/place/radarsearch/json?location=51.5072,-0.1275&radius=500&type",51.509133,-0.130189,"Saint Vincent House, 30 Orange Street, London WC2H 7HH, United Kingdom",Monday: 12:00 am â€“ 12:00 pmTuesday: 12:00 am â€“ 12:00 pmWednesday: 12:00 am â€“ 12:00 pmThursday:,2015-01-07 18:04:05,4.5,bar,restaurant,lodging,food,establishment,...,...,...
231,The Boadicea,ChIJz0jn7M0EdkgRhZYyYACCqy4,"https://maps.googleapis.com/maps/api/place/radarsearch/json?location=51.5072,-0.1275&radius=500&type",51.508672,-0.124645,"Charing Cross Railway Station, 12-30 Strand, Charing Cross WC2N 5LS, United Kingdom",Monday: 11:00 am â€“ 11:00 pmTuesday: 11:00 am â€“ 11:00 pmWednesday: 11:00 am â€“ 11:00 pmThursday:,2015-01-07 18:04:05,,bar,establishment,...,...,...,...,...,...
232,Vista,ChIJRZH409EEdkgRBxaLMN6ua6k,"https://maps.googleapis.com/maps/api/place/radarsearch/json?location=51.5072,-0.1275&radius=500&type",51.507303,-0.129113,"2 Spring Gardens, St. Jamess, London SW1A 2TS, United Kingdom",,2015-01-07 18:04:05,,night_club,bar,restaurant,food,establishment,...,...,...
233,Le Troisieme,ChIJtdbNg9EEdkgRp2gW-ESjSGk,"https://maps.googleapis.com/maps/api/place/radarsearch/json?location=51.5072,-0.1275&radius=500&type",51.509344,-0.13202,"3 Panton Street, London Haymarket, London SW1Y 4DL, United Kingdom",,2015-01-07 18:04:05,3.9,bar,restaurant,food,establishment,...,...,...,...
234,Bassoon Bar,ChIJf8FhJc8EdkgRpqs-hxC_SLQ,"https://maps.googleapis.com/maps/api/place/radarsearch/json?location=51.5072,-0.1275&radius=500&type",51.506451,-0.124186,"10 Whitehall Place, London SW1A 2BD, United Kingdom",Monday: 4:00 pm â€“ 1:00 amTuesday: 4:00 pm â€“ 1:00 amWednesday: 4:00 pm â€“ 1:00 amThursday: 4:00 ,2015-01-07 18:04:05,,bar,establishment,...,...,...,...,...,...
235,Kaspars Seafood Bar & Grill,ChIJMzOz1ssEdkgRscsW4X-XFMs,"https://maps.googleapis.com/maps/api/place/radarsearch/json?location=51.5072,-0.1275&radius=500&type",51.509702,-0.121236,"The Savoy, 100 Strand, London WC2R 0EU, United Kingdom",Monday: 7:00 am â€“ 11:00 pmTuesday: 7:00 am â€“ 11:00 pmWednesday: 7:00 am â€“ 11:00 pmThursday: 7:,2015-01-07 18:04:06,4,bar,restaurant,food,establishment,...,...,...,...
236,Scoff & Banter Leicester Square,ChIJ01uYDT2n2EcRiN5WiYaFKGA,"https://maps.googleapis.com/maps/api/place/radarsearch/json?location=51.5072,-0.1275&radius=500&type",51.50996,-0.129684,"31 Leicester Square, London WC2H 7LH, United Kingdom","Monday: 7:00 â€“ 10:30 am, 1:00 â€“ 5:00 pm, 5:30 â€“ 10:30 pmTuesday: 7:00 â€“ 10:30 am, 1:00 â€“ 5",2015-01-07 18:04:06,,bar,restaurant,food,establishment,...,...,...,...
237,Nuts Pub Crawl London,ChIJH2ZIi80EdkgRaeOKpnCi1zE,"https://maps.googleapis.com/maps/api/place/radarsearch/json?location=51.5072,-0.1275&radius=500&type",51.510969,-0.129189,"18 Bear Street, London WC2H 7AS, United Kingdom",Monday: ClosedTuesday: ClosedWednesday: 9:00 pm â€“ 3:00 amThursday: 9:00 pm â€“ 3:00 amFriday: 9:00,2015-01-07 18:04:06,4.8,bar,establishment,...,...,...,...,...,...
238,The Port House,ChIJi0qv-MsEdkgR4SBJfp3uuuw,"https://maps.googleapis.com/maps/api/place/radarsearch/json?location=51.5072,-0.1275&radius=500&type",51.50988,-0.123014,"417 Strand, London WC2R 0PD, United Kingdom",Monday: 12:00 â€“ 11:00 pmTuesday: 12:00 â€“ 11:00 pmWednesday: 12:00 â€“ 11:00 pmThursday: 12:00 â€,2015-01-07 18:04:06,,bar,restaurant,food,establishment,...,...,...,...
239,The Concert Artistes Association,ChIJN8PfP8wEdkgROZ6_GNHSmCc,"https://maps.googleapis.com/maps/api/place/radarsearch/json?location=51.5072,-0.1275&radius=500&type",51.510915,-0.12478,"20 Bedford Street, London WC2E 9HP, United Kingdom",,2015-01-07 18:04:06,,bar,establishment,...,...,...,...,...,...
240,Chop Shop,ChIJpfnIddEEdkgRacFBZWYingY,"https://maps.googleapis.com/maps/api/place/radarsearch/json?location=51.5072,-0.1275&radius=500&type",51.508678,-0.132087,"66 Haymarket, St. Jamess, London SW1Y 4RF, United Kingdom",Monday: 12:00 pm â€“ 12:00 amTuesday: 12:00 pm â€“ 12:00 amWednesday: 12:00 pm â€“ 12:00 amThursday:,2015-01-07 18:04:06,3.7,bar,restaurant,food,establishment,...,...,...,...
241,The Beer House,ChIJ80uiTs4EdkgRt63lND1e5oU,"https://maps.googleapis.com/maps/api/place/radarsearch/json?location=51.5072,-0.1275&radius=500&type",51.508088,-0.124247,"Charing Cross Station, Strand, London WC2N 5HS, United Kingdom",,2015-01-07 18:04:07,,bar,establishment,...,...,...,...,...,...
242,Equus Bar,ChIJc9zIO88EdkgR8oqL92Yw1eo,"https://maps.googleapis.com/maps/api/place/radarsearch/json?location=51.5072,-0.1275&radius=500&type",51.506066,-0.124059,"Trafalgar Studios, Whitehall, London, United Kingdom",,2015-01-07 18:04:07,,bar,restaurant,food,establishment,...,...,...,...
243,Prima Sapori dItalia,ChIJX1oflMsEdkgRBU-MA01UIPc,"https://maps.googleapis.com/maps/api/place/radarsearch/json?location=51.5072,-0.1275&radius=500&type",51.511313,-0.122115,"Jubilee Market Hall, Tavistock Street, Unit 1 to 13, London WC2E 8BE, United Kingdom",Monday: 8:00 am â€“ 9:00 pmTuesday: 8:00 am â€“ 9:00 pmWednesday: 8:00 am â€“ 9:00 pmThursday: 8:00 ,2015-01-07 18:04:07,4.4,store,meal_takeaway,cafe,bar,restaurant,food,establishment,...
244,Lounge,ChIJpaiTN9IEdkgRF3lPvQZUv4o,"https://maps.googleapis.com/maps/api/place/radarsearch/json?location=51.5072,-0.1275&radius=500&type",51.510718,-0.131194,"Leicester Street, United Kingdom",,2015-01-07 18:04:07,,night_club,bar,establishment,...,...,...,...,...
245,The Boat Show Comedy Club,ChIJkxTDuMgEdkgRnbQ02Er5WIE,"https://maps.googleapis.com/maps/api/place/radarsearch/json?location=51.5072,-0.1275&radius=500&type",51.505629,-0.122255,"Ps Tattershall Castle, Victoria Embankment, London SW1A 2HR, United Kingdom",Monday: 8:30 â€“ 11:00 pmTuesday: ClosedWednesday: ClosedThursday: ClosedFriday: 7:00 pm â€“ 3:00 am,2015-01-07 18:04:07,,night_club,bar,restaurant,food,establishment,...,...,...
246,"Radisson Blu Edwardian, Leicester Square",ChIJM_-199EEdkgRVp_jM7WN0yg,"https://maps.googleapis.com/maps/api/place/radarsearch/json?location=51.5072,-0.1275&radius=500&type",51.509597,-0.130076,"3 St Martins Street, Leicester Square, London WC2H 7HL, United Kingdom",,2015-01-07 18:04:07,,bar,establishment,...,...,...,...,...,...
247,Blitz bar,ChIJ0XPqg84EdkgRRuttT4EFqeg,"https://maps.googleapis.com/maps/api/place/radarsearch/json?location=51.5072,-0.1275&radius=500&type",51.509334,-0.125755,"10 Adelaide Street, London, Covent Garden, Greater London WC2N 4HZ, United Kingdom",Monday: 12:00 pm â€“ 12:00 amTuesday: Open 24 hoursWednesday: Open 24 hoursThursday: Open 24 hoursFr,2015-01-07 18:04:08,,bar,restaurant,food,establishment,...,...,...,...
248,Pompidou,ChIJU3gOzM4EdkgRXucrlSIllYA,"https://maps.googleapis.com/maps/api/place/radarsearch/json?location=51.5072,-0.1275&radius=500&type",51.50799,-0.123517,"35-37 Villiers Street, Charing Cross, London WC2N 6ND, United Kingdom",,2015-01-07 18:04:08,,cafe,bar,food,establishment,...,...,...,...
249,Hops Bar,ChIJh3bdtcsEdkgRu7isD1tiO80,"https://maps.googleapis.com/maps/api/place/radarsearch/json?location=51.5072,-0.1275&radius=500&type",51.511327,-0.120648,"Burleigh Street, London WC2R 0JJ, United Kingdom",Monday: 4:00 â€“ 11:00 pmTuesday: 4:00 â€“ 11:00 pmWednesday: 4:00 â€“ 11:00 pmThursday: 4:00 â€“ 11,2015-01-07 18:04:08,,bar,establishment,...,...,...,...,...,...
250,Big Easy Bar.B.Q & Crabshack,ChIJh5vb88sEdkgRI8qFuKKmCEk,"https://maps.googleapis.com/maps/api/place/radarsearch/json?location=51.5072,-0.1275&radius=500&type",51.510623,-0.122944,"12 Maiden Lane, London WC2E 7NA, United Kingdom",Monday: 12:00 â€“ 11:30 pmTuesday: 12:00 â€“ 11:30 pmWednesday: 12:00 â€“ 11:30 pmThursday: 12:00 pm,2015-01-07 18:04:08,4.2,bar,restaurant,food,establishment,...,...,...,...
251,Shaun & Joe Bar,ChIJXVhA_c0EdkgRx8AK99w4ma8,"https://maps.googleapis.com/maps/api/place/radarsearch/json?location=51.5072,-0.1275&radius=500&type",51.509832,-0.128756,"5 Charing Cross Road, London WC2H 0EA, United Kingdom",,2015-01-07 18:04:08,,night_club,bar,establishment,...,...,...,...,...
252,Dub Jam,ChIJk93lP8wEdkgRCdTvON_BUjw,"https://maps.googleapis.com/maps/api/place/radarsearch/json?location=51.5072,-0.1275&radius=500&type",51.510939,-0.124815,"20 Bedford Street, London WC2E 9HP, United Kingdom",Monday: 12:00 pm â€“ 12:00 amTuesday: 12:00 pm â€“ 12:00 amWednesday: 12:00 pm â€“ 12:00 amThursday:,2015-01-07 18:04:08,4.5,bar,restaurant,food,establishment,...,...,...,...
253,"Shadow Bar, The",ChIJp6AmP9IEdkgR48fWykPLiNs,"https://maps.googleapis.com/maps/api/place/radarsearch/json?location=51.5072,-0.1275&radius=500&type",51.51087,-0.13115,"5-6 Leicester St, London, UK WC2H 7, United Kingdom",,2015-01-07 18:04:08,,night_club,bar,establishment,...,...,...,...,...
254,Ruby Blue Karaoke Bar,ChIJa5asgNYEdkgRIBDEokif4pg,"https://maps.googleapis.com/maps/api/place/radarsearch/json?location=51.5072,-0.1275&radius=500&type",51.511218,-0.129888,"Leicester Place, London WC2H 7BP, United Kingdom",Monday: 2:00 pm â€“ 2:00 amTuesday: 2:00 pm â€“ 2:00 amWednesday: 2:00 pm â€“ 2:00 amThursday: 2:00 ,2015-01-07 18:04:09,,night_club,bar,restaurant,food,establishment,...,...,...
255,Bilbao Berria,ChIJR4mOE9EEdkgRXXANT9tafkw,"https://maps.googleapis.com/maps/api/place/radarsearch/json?location=51.5072,-0.1275&radius=500&type",51.508043,-0.13327,"2 Regent Street, London SW1Y 4LR, United Kingdom",Monday: 12:00 pm â€“ 12:00 amTuesday: 12:00 pm â€“ 12:00 amWednesday: 12:00 pm â€“ 12:00 amThursday:,2015-01-07 18:04:09,4.4,bar,restaurant,food,establishment,...,...,...,...
256,The International Restaurant and Bar,ChIJ1cbADM4EdkgRUSRuEmgg868,"https://maps.googleapis.com/maps/api/place/radarsearch/json?location=51.5072,-0.1275&radius=500&type",51.509732,-0.126973,"116 St. Martins Lane, London WC2N 4BF, United Kingdom",,2015-01-07 18:04:09,,bar,restaurant,food,establishment,...,...,...,...
257,Vapor,ChIJe-ccQNIEdkgRyWk-7kmbU18,"https://maps.googleapis.com/maps/api/place/radarsearch/json?location=51.5072,-0.1275&radius=500&type",51.510466,-0.129318,"The Casino At The Empire, London WC2H 7NA, United Kingdom",,2015-01-07 18:04:09,,night_club,bar,establishment,...,...,...,...,...
258,Tappit Hen,ChIJAzbHms4EdkgRVLODKv7uu8s,"https://maps.googleapis.com/maps/api/place/radarsearch/json?location=51.5072,-0.1275&radius=500&type",51.509193,-0.12578,"Adelaide Street, Charing Cross, London WC2N 4HZ, United Kingdom",,2015-01-07 18:04:09,,bar,restaurant,food,establishment,...,...,...,...
259,Crescent,ChIJT4p2A9IEdkgRAb0aTWQLn94,"https://maps.googleapis.com/maps/api/place/radarsearch/json?location=51.5072,-0.1275&radius=500&type",51.509994,-0.12973,"31 Leicester Square, London WC2H 7LH, United Kingdom",,2015-01-07 18:04:09,,bar,establishment,...,...,...,...,...,...
260,The Terrace,ChIJ03seTNIEdkgRUMMCh_lkuXI,"https://maps.googleapis.com/maps/api/place/radarsearch/json?location=51.5072,-0.1275&radius=500&type",51.509744,-0.128479,"21 Irving Street, London Chinatown, London WC2H 7AE, United Kingdom",,2015-01-07 18:04:10,,bar,restaurant,food,establishment,...,...,...,...
